男士短袖t恤衣服潮牌潮流纯棉白色半袖男装2020新款夏季宽松体恤,https://detail.tmall.com/item.htm?id=585319218965&ad_id=&am_id=&cm_id=140105335569ed55e27b&pm_id=&abbucket=11,24.90,35万+人付款,qaweti旗舰店,https://store.taobao.com/shop/view_shop.htm?user_number_id=3018230850,江西 南昌
男士短袖t恤新款圆领宽松衣服夏季潮流纯棉白半袖丅大码体恤男装,https://detail.tmall.com/item.htm?id=545038308339&ad_id=&am_id=&cm_id=140105335569ed55e27b&pm_id=&abbucket=11,29.90,25万+人付款,auooi旗舰店,https://store.taobao.com/shop/view_shop.htm?user_number_id=2270438858,河北 沧州
透气防水防污t恤黑科技纳米圆领半袖速干短袖T恤男女大码夏衣服男,https://detail.tmall.com/item.htm?id=587084777642&ns=1&abbucket=11,18.80,2859人付款,牧尊旗舰店,https://store.taobao.com/shop/view_shop.htm?user_number_id=3868080502,河北 石家庄
【设计师合作款】男装 圆领T恤(短袖)(果茶T) 422992 优衣库,https://detail.tmall.com/item.htm?id=610361854386&ns=1&abbucket=11,79.00,4.0万+人付款,优衣库官方旗舰店,https://store.taobao.com/shop/view_shop.htm?user_number_id=196993935,上海
男装 SUPIMA COTTON圆领T恤(短袖) 422990 优衣库UNIQLO,https://detail.tmall.com/item.htm?id=609045917854&ns=1&abbucket=11,59.00,2.0万+人付款,优衣库官方旗舰店,https://store.taobao.com/shop/view_shop.htm?user_number_id=196993935,上海
太平鸟男装新款短袖t恤男潮宽松体恤植物刺绣纯色韩版短袖上衣,https://detail.tmall.com/item.htm?id=609194039804&ns=1&abbucket=11,239.00,1664人付款,太平鸟男装旗舰店,https://store.taobao.com/shop/view_shop.htm?user_number_id=173275708,浙江 宁波
夏季男士短袖t恤打底衫纯棉上衣服宽松潮流半袖白丅圆领体恤男装,https://detail.tmall.com/item.htm?id=567804104053&ns=1&abbucket=11,9.90,10万+人付款,lroztn旗舰店,https://store.taobao.com/shop/view_shop.htm?user_number_id=1115375914,江西 南昌
【商场同款】太平鸟男装 可口可乐系列短袖T恤男宽松潮B1DAA2605,https://detail.tmall.com/item.htm?id=616786670631&ns=1&abbucket=11,368.00,508人付款,太平鸟男装旗舰店,https://store.taobao.com/shop/view_shop.htm?user_number_id=173275708,浙江 宁波
男士短袖T恤潮流潮牌纯棉白色半袖体恤学生宽松大码男装夏季衣服,https://detail.tmall.com/item.htm?id=610959766230&ns=1&abbucket=11,59.00,1.0万+人付款,曙兴服饰专营店,https://store.taobao.com/shop/view_shop.htm?user_number_id=2173558035,福建 泉州
现货 Under armour 安德玛 UA 男子跑步宽松速干运动健身短袖T恤,https://item.taobao.com/item.htm?id=551423646649&ns=1&abbucket=11#detail,140.00,2054人付款,hlw408,https://store.taobao.com/shop/view_shop.htm?user_number_id=227669297,四川 成都
GU极优男装宽松T恤(5分袖)STUDIO SEVEN联名款2020新款纯棉326266,https://detail.tmall.com/item.htm?id=619102247046&ns=1&abbucket=11,99.00,592人付款,gu官方旗舰店,https://store.taobao.com/shop/view_shop.htm?user_number_id=2575956766,上海
Gap男装纯棉LOGO圆领T恤夏季513858 2020新款休闲短袖情侣款上衣,https://detail.tmall.com/item.htm?id=610131765102&ns=1&abbucket=11,139.00,2238人付款,gap官方旗舰店,https://store.taobao.com/shop/view_shop.htm?user_number_id=669642169,江苏 苏州
Gap男童舒适纯棉短袖T恤夏季541074 2020新款镭射印花洋气上衣,https://detail.tmall.com/item.htm?id=610888691028&ns=1&abbucket=11,125.00,881人付款,gap官方旗舰店,https://store.taobao.com/shop/view_shop.htm?user_number_id=669642169,江苏 苏州
UR2020春夏新品男装艺术印花圆领针织T恤MF16S9BN2007,https://detail.tmall.com/item.htm?id=616438398376&ns=1&abbucket=11,369.00,33人付款,ur官方旗舰店,https://store.taobao.com/shop/view_shop.htm?user_number_id=2104668892,广东 广州
GU极优男装宽松T恤(短袖)STUDIO SEVEN联名款2020新款纯棉325544,https://detail.tmall.com/item.htm?id=618473315206&ns=1&abbucket=11,99.00,312人付款,gu官方旗舰店,https://store.taobao.com/shop/view_shop.htm?user_number_id=2575956766,上海
UR2020春夏新品男装时尚印花翻领T恤MF16S4NN2000,https://detail.tmall.com/item.htm?id=616692159700&ns=1&abbucket=11,199.00,136人付款,ur官方旗舰店,https://store.taobao.com/shop/view_shop.htm?user_number_id=2104668892,广东 广州
长袖t恤男士圆领春秋季学生T恤上衣服韩版潮流男装内搭打底衫秋衣,https://item.taobao.com/item.htm?id=601638448863&ns=1&abbucket=11#detail,29.90,1.0万+人付款,nkf954989885,https://store.taobao.com/shop/view_shop.htm?user_number_id=1877556435,广东 中山
Bananain蕉内300E情侣T恤家居服纯棉短袖女睡衣夏季透气男士上衣,https://detail.tmall.com/item.htm?id=615038442693&ns=1&abbucket=11,43.90,2062人付款,bananain蕉内旗舰店,https://store.taobao.com/shop/view_shop.htm?user_number_id=3035493001,浙江 杭州
Bananain蕉内301B男士背心纯棉宽松情侣短袖女士汗衫打底小白T恤,https://detail.tmall.com/item.htm?id=612245526497&ns=1&abbucket=11,43.90,1153人付款,bananain蕉内旗舰店,https://store.taobao.com/shop/view_shop.htm?user_number_id=3035493001,浙江 杭州
2020夏季新款男士短袖t恤宽松纯棉白上衣服圆领男装半袖潮流体恤,https://detail.tmall.com/item.htm?id=579751705261&ns=1&abbucket=11,9.90,1.5万+人付款,veaffor威弗旗舰店,https://store.taobao.com/shop/view_shop.htm?user_number_id=2981688681,江西 南昌
Massimo Dutti男装 条纹棉质男士T 恤上衣 00908321401,https://detail.tmall.com/item.htm?id=618520932512&ns=1&abbucket=11,350.00,25人付款,massimodutti官方旗舰店,https://store.taobao.com/shop/view_shop.htm?user_number_id=2183380830,上海
年中盛典 Massimo Dutti男装 素色棉质T恤 01426354353,https://detail.tmall.com/item.htm?id=612949805246&ns=1&abbucket=11,180.00,57人付款,massimodutti官方旗舰店,https://store.taobao.com/shop/view_shop.htm?user_number_id=2183380830,上海
Supield素湃疏水纳米黑科技防水防污男士短袖T恤快干夏季薄款半袖,https://detail.tmall.com/item.htm?id=568328848697&ns=1&abbucket=11,99.00,1250人付款,疏水旗舰店,https://store.taobao.com/shop/view_shop.htm?user_number_id=3395296883,上海
遇寇短袖男潮牌 2020新款半袖潮流修身提花织带拼接小蜜蜂刺绣t恤,https://detail.tmall.com/item.htm?id=611586384308&ns=1&abbucket=11,148.00,833人付款,遇寇旗舰店,https://store.taobao.com/shop/view_shop.htm?user_number_id=3170532857,广东 广州
lululemon丨Fast and Free 男士运动短袖 T 恤 LM3CJLS,https://detail.tmall.com/item.htm?id=615960273412&ns=1&abbucket=11,550.00,50人付款,lululemon官方旗舰店,https://store.taobao.com/shop/view_shop.htm?user_number_id=2635590370,上海
lululemon丨Escape and Explore男士运动T恤Wilderness LM3BU7S,https://detail.tmall.com/item.htm?id=602478389863&ns=1&abbucket=11,650.00,27人付款,lululemon官方旗舰店,https://store.taobao.com/shop/view_shop.htm?user_number_id=2635590370,上海
遇寇短袖t恤男 2020新款夏季潮流修身小蜜蜂刺绣纯棉潮牌半袖男潮,https://detail.tmall.com/item.htm?id=611587796567&ns=1&abbucket=11,119.00,724人付款,遇寇旗舰店,https://store.taobao.com/shop/view_shop.htm?user_number_id=3170532857,广东 广州
3件）圆领纯棉纯色短袖打底衫T恤白色体桖男女纯黑半袖衣服潮全棉,https://detail.tmall.com/item.htm?id=613724767745&ns=1&abbucket=11,39.90,1353人付款,法迪梵旗舰店,https://store.taobao.com/shop/view_shop.htm?user_number_id=3544657325,河北 石家庄
长袖t恤男士潮流春装夏季短袖T恤体恤打底衫内搭上衣服2020新款,https://detail.tmall.com/item.htm?id=581287089949&ns=1&abbucket=11,9.90,5000+人付款,萨域旗舰店,https://store.taobao.com/shop/view_shop.htm?user_number_id=3843483733,广东 广州
2件）速干短袖冰丝T恤夏季无痕男半袖宽松男士运动体恤加肥加大码,https://detail.tmall.com/item.htm?id=614758678189&ns=1&abbucket=11,29.90,1716人付款,法迪梵旗舰店,https://store.taobao.com/shop/view_shop.htm?user_number_id=3544657325,河北 石家庄
男士短袖t恤宽松圆领上衣夏青年体恤潮流潮牌修身白色半袖打底衫,https://item.taobao.com/item.htm?id=612740725040&ns=1&abbucket=11#detail,27.00,8500+人付款,nkf954989885,https://store.taobao.com/shop/view_shop.htm?user_number_id=1877556435,广东 中山
UnderArmour安德玛UA Tech男士透气速干衣夏季运动短袖健身T恤衫,https://item.taobao.com/item.htm?id=550498645574&ns=1&abbucket=11#detail,137.00,500人付款,淘天下0521,https://store.taobao.com/shop/view_shop.htm?user_number_id=1715761650,北京
南极人男士长袖T恤春装上衣夏季青少年学生春秋薄款纯棉打底衫男,https://detail.tmall.com/item.htm?id=610240867068&ns=1&abbucket=11,49.00,1678人付款,曙兴服饰专营店,https://store.taobao.com/shop/view_shop.htm?user_number_id=2173558035,福建 泉州
安德玛UA强森Rock牛头血汗男子运动训练T恤背心1351581/1351582,https://item.taobao.com/item.htm?id=549657377075&ns=1&abbucket=11#detail,189.00,283人付款,orangeforce,https://store.taobao.com/shop/view_shop.htm?user_number_id=635987231,江苏 徐州
夏季冰丝短袖t恤男肥佬宽松半袖加肥加大码潮流胖子透气运动速干T,https://detail.tmall.com/item.htm?id=590844848341&ns=1&abbucket=11,69.00,749人付款,启勒旗舰店,https://store.taobao.com/shop/view_shop.htm?user_number_id=3709845264,福建 厦门
现货UA安德玛 男子运动T恤 巨石Rock强森 训练健身短袖1351581,https://item.taobao.com/item.htm?id=612013032662&ns=1&abbucket=11#detail,185.00,288人付款,看我胸口碎陨石,https://store.taobao.com/shop/view_shop.htm?user_number_id=1979860017,浙江 杭州
阿迪达斯官网adidas 男足球运动短袖T恤GL1984 GL1985,https://detail.tmall.com/item.htm?id=614789521112&ns=1&abbucket=11,170.00,115人付款,adidas足球旗舰店,https://store.taobao.com/shop/view_shop.htm?user_number_id=3900242952,江苏 苏州
阿迪达斯官网adidas Messi Icon T男足球运动短袖T恤GL1989GL1990,https://detail.tmall.com/item.htm?id=614508872153&ns=1&abbucket=11,195.00,184人付款,adidas足球旗舰店,https://store.taobao.com/shop/view_shop.htm?user_number_id=3900242952,江苏 苏州
2020春款短袖T恤男装文艺雾霾蓝色潮流纯色体恤夏季半袖打底衫ins,https://detail.tmall.com/item.htm?id=613305040723&ns=1&abbucket=11,9.90,9000+人付款,萨域旗舰店,https://store.taobao.com/shop/view_shop.htm?user_number_id=3843483733,广东 广州
2020新款夏季男士短袖T恤韩版潮流男生半袖纯棉圆领修身衣服男装,https://detail.tmall.com/item.htm?id=37301356780&ns=1&abbucket=11,9.90,1.0万+人付款,诚昊和服饰旗舰店,https://store.taobao.com/shop/view_shop.htm?user_number_id=1987716056,江西 南昌
夏季新款男士短袖T恤纯棉男装韩版潮流修身半袖体恤上衣服圆领,https://detail.tmall.com/item.htm?id=571291440978&ns=1&abbucket=11,9.90,4435人付款,lroztn旗舰店,https://store.taobao.com/shop/view_shop.htm?user_number_id=1115375914,江西 南昌
夏季ins半袖日系港风短袖t恤男生潮牌潮流宽松五分袖衣服2020新款,https://detail.tmall.com/item.htm?id=619675703305&ns=1&abbucket=11,28.00,114人付款,森威泽旗舰店,https://store.taobao.com/shop/view_shop.htm?user_number_id=4066403948,广东 深圳
耐克Nike夏新款男独角兽跑步运动速干短袖T恤CK9462-133-010-663,https://item.taobao.com/item.htm?id=590143984083&ns=1&abbucket=11#detail,149.00,55人付款,lifejourneyyyz,https://store.taobao.com/shop/view_shop.htm?user_number_id=610481421,北京
Supield素湃黑科技纳米T恤男防水防污冰丝疏水短袖夏季快干情侣衫,https://detail.tmall.com/item.htm?id=564243913870&ns=1&abbucket=11,99.00,1104人付款,疏水旗舰店,https://store.taobao.com/shop/view_shop.htm?user_number_id=3395296883,上海
UnderArmour安德玛UA男巨石Rock强森牛头运动健身训练背心无袖T恤,https://item.taobao.com/item.htm?id=613184766535&ns=1&abbucket=11#detail,208.00,96人付款,小金dd86,https://store.taobao.com/shop/view_shop.htm?user_number_id=197807421,广东 佛山
2件】夏季黑科技防水防污冰丝短袖T恤男女士款纳米速干半袖情侣装,https://item.taobao.com/item.htm?id=589493819717&ns=1&abbucket=11#detail,49.90,1138人付款,tb576296683,https://store.taobao.com/shop/view_shop.htm?user_number_id=3552491856,上海
夏季男士短袖t恤套装2020新款潮流大码休闲亚麻一套衣服潮牌T夏装,https://detail.tmall.com/item.htm?id=615747835058&ns=1&abbucket=11,19.90,1563人付款,lpw旗舰店,https://store.taobao.com/shop/view_shop.htm?user_number_id=3499491468,江苏 苏州
男士短袖T恤纯棉打底衫纯色纯黑纯白圆领夏季秋衣服潮流韩版修身,https://detail.tmall.com/item.htm?id=42035380563&ns=1&abbucket=11,15.10,1995人付款,诚昊和服饰旗舰店,https://store.taobao.com/shop/view_shop.htm?user_number_id=1987716056,江西 南昌
安德玛UA男子 强森 Rock 巨石牛头运动时尚健身服短袖T恤,https://item.taobao.com/item.htm?id=616625538786&ns=1&abbucket=11#detail,248.00,9人付款,小金dd86,https://store.taobao.com/shop/view_shop.htm?user_number_id=197807421,广东 珠海
夏季男装短袖t恤男polo衫韩版潮流潮牌修身冰丝体恤立领半袖衣服,https://detail.tmall.com/item.htm?id=617877717062&ns=1&abbucket=11,19.90,541人付款,lpw旗舰店,https://store.taobao.com/shop/view_shop.htm?user_number_id=3499491468,江苏 苏州
冰丝防水防污男短袖t恤纳米黑科技圆领速干快干弹力冰爽透气半袖,https://detail.tmall.com/item.htm?id=596412697724&ns=1&abbucket=11,19.90,2650人付款,猎卡陀旗舰店,https://store.taobao.com/shop/view_shop.htm?user_number_id=3875009687,河北 石家庄
男士短袖t恤宽松夏季冰丝速干衣加肥大码肥佬潮流胖子体桖半袖男,https://detail.tmall.com/item.htm?id=565288884100&ns=1&abbucket=11,78.00,6人付款,启勒旗舰店,https://store.taobao.com/shop/view_shop.htm?user_number_id=3709845264,福建 泉州
粒子狂热速干t恤 男网眼拼接反光印花透气排汗无袖运动t恤男,https://detail.tmall.com/item.htm?id=568320008796&ns=1&abbucket=11,337.00,17人付款,particlefever官方旗舰店,https://store.taobao.com/shop/view_shop.htm?user_number_id=2910061451,上海
男装/女装 条纹T恤(短袖) 423983 优衣库UNIQLO,https://detail.tmall.com/item.htm?id=611337429109&ns=1&abbucket=11,79.00,5500+人付款,优衣库官方旗舰店,https://store.taobao.com/shop/view_shop.htm?user_number_id=196993935,上海
男装(UT) BE x TM(Billie Eilish系列)印花T恤(短袖)427390优衣库,https://detail.tmall.com/item.htm?id=618632267359&ns=1&abbucket=11,99.00,1.5万+人付款,优衣库官方旗舰店,https://store.taobao.com/shop/view_shop.htm?user_number_id=196993935,上海
太平鸟男装 2020夏季新品灰色天鹅刺绣缝标时尚POLO衫男士翻领T恤,https://detail.tmall.com/item.htm?id=613943323240&ns=1&abbucket=11,259.90,1109人付款,太平鸟男装旗舰店,https://store.taobao.com/shop/view_shop.htm?user_number_id=173275708,浙江 宁波
太平鸟男装 新款polo衫男短袖刺绣翻领韩版潮T恤商务休闲上衣,https://detail.tmall.com/item.htm?id=612472458585&ns=1&abbucket=11,259.90,2621人付款,太平鸟男装旗舰店,https://store.taobao.com/shop/view_shop.htm?user_number_id=173275708,浙江 宁波
Gap男童纯棉透气舒适短袖T恤夏季573647 2020新款洋气印花上衣潮,https://detail.tmall.com/item.htm?id=618212325322&ns=1&abbucket=11,69.00,106人付款,gap官方旗舰店,https://store.taobao.com/shop/view_shop.htm?user_number_id=669642169,江苏 苏州
Gap男童LOGO撞色短袖T恤夏季539649 2020新款休闲内搭儿童上衣,https://detail.tmall.com/item.htm?id=610981755667&ns=1&abbucket=11,90.00,897人付款,gap官方旗舰店,https://store.taobao.com/shop/view_shop.htm?user_number_id=669642169,江苏 苏州
GU极优男装GU DRY宽松T恤5分袖(印花2)2020时尚潮流百搭325511,https://detail.tmall.com/item.htm?id=617736697202&ns=1&abbucket=11,98.00,158人付款,gu官方旗舰店,https://store.taobao.com/shop/view_shop.htm?user_number_id=2575956766,上海
【迪士尼奇奇和蒂蒂系列】UR2020夏新品男装印花T恤MV18S4MP2004,https://detail.tmall.com/item.htm?id=619536107903&ns=1&abbucket=11,199.00,67人付款,ur官方旗舰店,https://store.taobao.com/shop/view_shop.htm?user_number_id=2104668892,广东 广州
UR2020夏季新品男装潮流撞色休闲图案印花T恤ML17R4ME2000,https://detail.tmall.com/item.htm?id=617423889314&ns=1&abbucket=11,139.00,259人付款,ur官方旗舰店,https://store.taobao.com/shop/view_shop.htm?user_number_id=2104668892,广东 广州
GU极优男装宽松T恤(5分袖)STUDIO SEVEN联名款时尚拼色纯棉326265,https://detail.tmall.com/item.htm?id=618277028183&ns=1&abbucket=11,99.00,213人付款,gu官方旗舰店,https://store.taobao.com/shop/view_shop.htm?user_number_id=2575956766,上海
蕉内XFelix插画师勺子inT情侣纯棉T恤女夏季全棉短袖男可外穿上衣,https://detail.tmall.com/item.htm?id=618494763448&ns=1&abbucket=11,109.00,20人付款,bananain蕉内旗舰店,https://store.taobao.com/shop/view_shop.htm?user_number_id=3035493001,浙江 杭州
Massimo Dutti男装 素色纯棉基础款打底 T恤 01407077250,https://detail.tmall.com/item.htm?id=619878559147&ns=1&abbucket=11,150.00,13人付款,massimodutti官方旗舰店,https://store.taobao.com/shop/view_shop.htm?user_number_id=2183380830,上海
Massimo Dutti 男童 春夏新款印字棉质 T 恤简约短袖 01429582250,https://detail.tmall.com/item.htm?id=613689809979&ns=1&abbucket=11,190.00,6人付款,massimodutti官方旗舰店,https://store.taobao.com/shop/view_shop.htm?user_number_id=2183380830,上海
Bananain蕉内移技M301A情侣速干T恤汗衫男上衣短袖女运动超薄夏季,https://detail.tmall.com/item.htm?id=617734689319&ns=1&abbucket=11,69.90,63人付款,bananain蕉内旗舰店,https://store.taobao.com/shop/view_shop.htm?user_number_id=3035493001,浙江 杭州
lululemon丨Fast and Free 男士运动短袖 T 恤 LM3CJFS,https://detail.tmall.com/item.htm?id=608626517736&ns=1&abbucket=11,380.00,5人付款,lululemon官方旗舰店,https://store.taobao.com/shop/view_shop.htm?user_number_id=2635590370,上海
lululemon丨5 Year 男士运动 T 恤 *新春限定 LM3BTSS,https://detail.tmall.com/item.htm?id=610459985048&ns=1&abbucket=11,220.00,147人付款,lululemon官方旗舰店,https://store.taobao.com/shop/view_shop.htm?user_number_id=2635590370,上海
南极人v领短袖t恤男潮牌潮流2020新款男士学生夏季鸡心领半袖体恤,https://detail.tmall.com/item.htm?id=588161531297&ns=1&abbucket=11,59.00,1229人付款,曙兴服饰专营店,https://store.taobao.com/shop/view_shop.htm?user_number_id=2173558035,福建 泉州
遇寇短袖t恤男 2020新款夏季潮流修身刺绣冰爽丝光棉上衣潮牌半袖,https://detail.tmall.com/item.htm?id=617988420081&ns=1&abbucket=11,128.00,165人付款,遇寇旗舰店,https://store.taobao.com/shop/view_shop.htm?user_number_id=3170532857,广东 广州
阿迪达斯官网 adidas 男装足球皇马球衣V领套头运动短袖T恤EJ5563,https://detail.tmall.com/item.htm?id=602077917447&ns=1&abbucket=11,369.00,57人付款,adidas足球旗舰店,https://store.taobao.com/shop/view_shop.htm?user_number_id=3900242952,江苏 苏州
遇寇男士短袖t恤2020新款丝光棉潮流刺绣修身上衣拼接潮牌半袖男,https://detail.tmall.com/item.htm?id=613386809500&ns=1&abbucket=11,98.00,652人付款,遇寇旗舰店,https://store.taobao.com/shop/view_shop.htm?user_number_id=3170532857,广东 广州
短袖t恤男港风宽松大码纯棉半袖2020新款夏季潮流男士冰丝体桖,https://detail.tmall.com/item.htm?id=616244457566&ns=1&abbucket=11,49.90,293人付款,曙兴服饰专营店,https://store.taobao.com/shop/view_shop.htm?user_number_id=2173558035,福建 泉州
阿迪达斯官网adidas 男足球德国国家队运动短袖T恤FI1461,https://detail.tmall.com/item.htm?id=613327078453&ns=1&abbucket=11,158.00,79人付款,adidas足球旗舰店,https://store.taobao.com/shop/view_shop.htm?user_number_id=3900242952,江苏 苏州
法迪梵法迪梵2018新款纯棉男士短袖T恤宽松全棉男半袖大码潮流,https://detail.tmall.com/item.htm?id=563511052630&ns=1&abbucket=11,19.90,4834人付款,法迪梵旗舰店,https://store.taobao.com/shop/view_shop.htm?user_number_id=3544657325,河北 石家庄
男士短袖t恤新款圆领宽松衣服夏季潮流纯棉白半袖丅大码体恤男装,https://detail.tmall.com/item.htm?id=592600619315&ns=1&abbucket=11,9.90,4834人付款,lroztn旗舰店,https://store.taobao.com/shop/view_shop.htm?user_number_id=1115375914,江西 南昌
特价国内代购 Under Armour 安德玛UA男子运动速干短袖T恤1323415,https://item.taobao.com/item.htm?id=616413428719&ns=1&abbucket=11#detail,219.00,25人付款,tb001122520,https://store.taobao.com/shop/view_shop.htm?user_number_id=3168543556,上海
短袖t恤男防水防污半袖潮流百搭速干衣黑科技纳米健身上衣打底衫T,https://item.taobao.com/item.htm?id=589390413742&ns=1&abbucket=11#detail,13.90,2593人付款,李海豹文雅666,https://store.taobao.com/shop/view_shop.htm?user_number_id=434532052,河北 石家庄
夏季亚麻套装男中国风男装休闲两件套棉麻男士短袖t恤薄款夏装潮T,https://detail.tmall.com/item.htm?id=614502855408&ns=1&abbucket=11,39.90,191人付款,lpw旗舰店,https://store.taobao.com/shop/view_shop.htm?user_number_id=3499491468,江苏 苏州
OMG潮牌 夏季男士肩部印花圆领跑步速干短袖运动T恤男紧身健身衣,https://item.taobao.com/item.htm?id=566265576992&ns=1&abbucket=11#detail,79.00,297人付款,kenntch,https://store.taobao.com/shop/view_shop.htm?user_number_id=14590,浙江 杭州
安德玛男士UA under armour运动休闲训练修身速干短袖T恤 1328689,https://item.taobao.com/item.htm?id=601862990989&ns=1&abbucket=11#detail,258.00,33人付款,水中紫藤,https://store.taobao.com/shop/view_shop.htm?user_number_id=1054025580,广东 茂名
粒子狂热运动t恤男短袖2020夏季新款休闲速干运动体恤男,https://detail.tmall.com/item.htm?id=612207405850&ns=1&abbucket=11,429.00,6人付款,particlefever官方旗舰店,https://store.taobao.com/shop/view_shop.htm?user_number_id=2910061451,上海
Under Armour安德玛 UA Speed Stride男子运动速干T恤短袖1326564,https://item.taobao.com/item.htm?id=618724499865&ns=1&abbucket=11#detail,169.00,4人付款,tobysr,https://store.taobao.com/shop/view_shop.htm?user_number_id=37891559,北京
2件】长袖T恤男士宽松运动休闲男装大码纯棉春秋季中年上衣打底衫,https://item.taobao.com/item.htm?id=601964549980&ns=1&abbucket=11#detail,28.80,570人付款,游客一九九一,https://store.taobao.com/shop/view_shop.htm?user_number_id=890393969,河北 衡水
RogueFitness流氓健身 宽松 CF选手同款男子训练T恤（美国制造）,https://item.taobao.com/item.htm?id=535456866003&ns=1&abbucket=11#detail,242.00,32人付款,liangye19890324,https://store.taobao.com/shop/view_shop.htm?user_number_id=174867504,辽宁 沈阳
耐克NIKE DRI-FIT 笑脸 男子运动速干跑步短袖 T恤CK9460-010-133,https://item.taobao.com/item.htm?id=616221972010&ns=1&abbucket=11#detail,98.00,169人付款,xl幸福玩具,https://store.taobao.com/shop/view_shop.htm?user_number_id=763026234,江苏 南京
【防异味速干短袖】Particle Fever粒子狂热运动短袖男士运动t恤,https://detail.tmall.com/item.htm?id=560510553046&ns=1&abbucket=11,200.00,33人付款,particlefever官方旗舰店,https://store.taobao.com/shop/view_shop.htm?user_number_id=2910061451,上海
Under Armour安德玛 UA 强森牛头男子运动短袖T恤1347361 1346098,https://item.taobao.com/item.htm?id=615010488350&ns=1&abbucket=11#detail,199.00,91人付款,tb001122520,https://store.taobao.com/shop/view_shop.htm?user_number_id=3168543556,上海
2020夏季男士短袖t恤青少年学生冰丝半袖体恤小衫韩版印花上衣男,https://detail.tmall.com/item.htm?id=613376741563&ns=1&abbucket=11,6.90,5500+人付款,cwr旗舰店,https://store.taobao.com/shop/view_shop.htm?user_number_id=3164855410,江苏 苏州
OMG潮牌 2019夏季撞色男士翻领polo衫跑步紧身速干运动T恤男短袖,https://item.taobao.com/item.htm?id=564663113506&ns=1&abbucket=11#detail,89.00,148人付款,kenntch,https://store.taobao.com/shop/view_shop.htm?user_number_id=14590,浙江 杭州
中年男士长袖T恤军迷宽松大码秋衣薄款 休闲上衣春秋胖子圆领打底,https://item.taobao.com/item.htm?id=598866315364&ns=1&abbucket=11#detail,28.60,751人付款,lei775852155,https://store.taobao.com/shop/view_shop.htm?user_number_id=1933973856,河北 衡水
Under Armour 安德玛 男 RUSH Seamless Fitted 训练T恤 1351448,https://item.taobao.com/item.htm?id=611294989741&ns=1&abbucket=11#detail,384.00,23人付款,smz947877,https://store.taobao.com/shop/view_shop.htm?user_number_id=801920640,上海
Under Armour安德玛UA Streaker男子跑步运动T恤1350096,https://item.taobao.com/item.htm?id=616716084793&ns=1&abbucket=11#detail,265.00,4人付款,哪个圈圈,https://store.taobao.com/shop/view_shop.htm?user_number_id=226740068,上海
冰丝无痕短袖t恤男士夏季薄款宽松运动透气速干上衣潮流半袖体恤,https://detail.tmall.com/item.htm?id=618136293618&ns=1&abbucket=11,29.90,1077人付款,昊博旗舰店,https://store.taobao.com/shop/view_shop.htm?user_number_id=1652606952,浙江 金华
Under Armour安德玛UA男速干宽松短袖运动训练T恤1329581 1351777,https://item.taobao.com/item.htm?id=613768655348&ns=1&abbucket=11#detail,138.00,6人付款,小金dd86,https://store.taobao.com/shop/view_shop.htm?user_number_id=197807421,广东 珠海
正品Nike/耐克夏季新款男子休闲运动短袖T恤CK9460-010-133-663,https://item.taobao.com/item.htm?id=590362133308&ns=1&abbucket=11#detail,149.00,80人付款,lifejourneyyyz,https://store.taobao.com/shop/view_shop.htm?user_number_id=610481421,北京
新款Under Armour 安德玛 男UA Tech 2.0短袖运动训练T恤-1326413,https://item.taobao.com/item.htm?id=592497947651&ns=1&abbucket=11#detail,165.00,31人付款,水中紫藤,https://store.taobao.com/shop/view_shop.htm?user_number_id=1054025580,广东 茂名
2020范斯VANS亚洲艺术家祥龙瑞兽男短袖T恤VN0A4P5MWHT A4P5MBLK,https://item.taobao.com/item.htm?id=616840398577&ns=1&abbucket=11#detail,239.00,4人付款,温暖依旧999,https://store.taobao.com/shop/view_shop.htm?user_number_id=2590135915,上海
UnderArmour安德玛UAtech男运动跑步健身速干宽松短袖休闲T恤,https://item.taobao.com/item.htm?id=556878793253&ns=1&abbucket=11#detail,138.00,52人付款,edhotman,https://store.taobao.com/shop/view_shop.htm?user_number_id=65962223,广东 深圳
安德玛 UA 巨石强森 男子运动训练排汗T恤 1351582 1351584,https://item.taobao.com/item.htm?id=612540738548&ns=1&abbucket=11#detail,199.00,5人付款,壹号酋长,https://store.taobao.com/shop/view_shop.htm?user_number_id=1923699722,广东 深圳
夏季短袖t恤男士潮牌纯白t桖宽松衣服潮流港风半袖体恤打底汗衫薄,https://detail.tmall.com/item.htm?id=613663366611&ns=1&abbucket=11,22.00,1013人付款,爵释旗舰店,https://store.taobao.com/shop/view_shop.htm?user_number_id=3980680536,广东 广州
詹姆斯James TED联名TOP DAWG男女情侣T恤 篮球夜跑蹦迪宽松长袖,https://item.taobao.com/item.htm?id=615906726030&ns=1&abbucket=11#detail,158.00,29人付款,t_1510496415671_0690,https://store.taobao.com/shop/view_shop.htm?user_number_id=3195181505,广东 深圳
3件】长短袖t恤男纯棉圆领大码宽松秋衣纯色白全棉体恤男士打底衫,https://detail.tmall.com/item.htm?id=589711886794&ns=1&abbucket=11,49.90,77人付款,郎宜旗舰店,https://store.taobao.com/shop/view_shop.htm?user_number_id=2960123623,河北 衡水
国际米兰三冠王短袖TIMELESS系列运动休闲T恤（TREBLE II）,https://detail.tmall.com/item.htm?id=618181192593&ns=1&abbucket=11,129.00,176人付款,国际米兰足球俱乐部旗舰店,https://store.taobao.com/shop/view_shop.htm?user_number_id=2208064047555,浙江 金华
Supield素湃凉感空调运动健身T恤男2020夏季薄款快干打底衫圆领潮,https://detail.tmall.com/item.htm?id=613945171579&ns=1&abbucket=11,99.00,112人付款,疏水旗舰店,https://store.taobao.com/shop/view_shop.htm?user_number_id=3395296883,上海
男装 DRY-EX圆领T恤(短袖) 422964 优衣库UNIQLO,https://detail.tmall.com/item.htm?id=611069852656&ns=1&abbucket=11,79.00,4564人付款,优衣库官方旗舰店,https://store.taobao.com/shop/view_shop.htm?user_number_id=196993935,上海
【设计师合作款】男装/女装 宽松圆领T恤(短袖) 422995 优衣库,https://detail.tmall.com/item.htm?id=611337973210&ns=1&abbucket=11,99.00,1.5万+人付款,优衣库官方旗舰店,https://store.taobao.com/shop/view_shop.htm?user_number_id=196993935,上海
太平鸟男装 短袖T恤男情侣衫大图案印花体恤史迪奇系列夏装潮韩版,https://detail.tmall.com/item.htm?id=616507387464&ns=1&abbucket=11,169.90,2411人付款,太平鸟男装旗舰店,https://store.taobao.com/shop/view_shop.htm?user_number_id=173275708,浙江 宁波
太平鸟男装 t恤短袖宽松阔版休闲上衣圆领印花半袖男潮流潮流短袖,https://detail.tmall.com/item.htm?id=614844820249&ns=1&abbucket=11,189.90,329人付款,太平鸟男装旗舰店,https://store.taobao.com/shop/view_shop.htm?user_number_id=173275708,浙江 宁波
Gap男幼童圆领短袖T恤夏季545143 2020新款漫威系列纯棉印花上衣,https://detail.tmall.com/item.htm?id=612758185135&ns=1&abbucket=11,99.00,721人付款,gap官方旗舰店,https://store.taobao.com/shop/view_shop.htm?user_number_id=669642169,江苏 苏州
UR2020夏季新品男装时髦撞色圆领T恤MV22S4MN2002,https://detail.tmall.com/item.htm?id=619513055791&ns=1&abbucket=11,139.00,66人付款,ur官方旗舰店,https://store.taobao.com/shop/view_shop.htm?user_number_id=2104668892,广东 广州
UR2020春夏新品男装时髦复古印花图案圆领T恤MF13S4MN2002,https://detail.tmall.com/item.htm?id=613944883060&ns=1&abbucket=11,99.00,134人付款,ur官方旗舰店,https://store.taobao.com/shop/view_shop.htm?user_number_id=2104668892,广东 广州
GU极优男装圆领T恤(5分袖)(拼接)2020新款时尚拼色舒适百搭327640,https://detail.tmall.com/item.htm?id=617691265023&ns=1&abbucket=11,98.00,253人付款,gu官方旗舰店,https://store.taobao.com/shop/view_shop.htm?user_number_id=2575956766,上海
Gap男装舒适圆领短袖T恤夏季530918 2020新款简约纯色上衣基本款,https://detail.tmall.com/item.htm?id=612761450738&ns=1&abbucket=11,104.00,683人付款,gap官方旗舰店,https://store.taobao.com/shop/view_shop.htm?user_number_id=669642169,江苏 苏州
GU极优男装宽松T恤(5分袖)STUDIO SEVEN联名款2020新款条纹326264,https://detail.tmall.com/item.htm?id=618216690530&ns=1&abbucket=11,99.00,181人付款,gu官方旗舰店,https://store.taobao.com/shop/view_shop.htm?user_number_id=2575956766,上海
南极人短袖t恤男潮ins潮流潮牌学生宽松衣服半袖男士夏季男装体恤,https://detail.tmall.com/item.htm?id=543459944760&ns=1&abbucket=11,49.90,5000+人付款,曙兴服饰专营店,https://store.taobao.com/shop/view_shop.htm?user_number_id=2173558035,福建 泉州
Massimo Dutti男装 徽标装饰网眼布男士休闲 T 恤上衣 01411354982,https://detail.tmall.com/item.htm?id=618705097699&ns=1&abbucket=11,240.00,59人付款,massimodutti官方旗舰店,https://store.taobao.com/shop/view_shop.htm?user_number_id=2183380830,上海
Massimo Dutti 女童 荷叶边棉质女孩休闲百搭 T 恤 06817143250,https://detail.tmall.com/item.htm?id=612898733488&ns=1&abbucket=11,250.00,5人付款,massimodutti官方旗舰店,https://store.taobao.com/shop/view_shop.htm?user_number_id=2183380830,上海
Bananain蕉内520CL超级市场情侣印花T恤休闲透气圆领纯棉短袖女夏,https://detail.tmall.com/item.htm?id=615282474132&ns=1&abbucket=11,115.90,204人付款,bananain蕉内旗舰店,https://store.taobao.com/shop/view_shop.htm?user_number_id=3035493001,浙江 杭州
lululemon丨Escape and Explore男士运动T恤Wilderness LM3BO5S,https://detail.tmall.com/item.htm?id=602235548543&ns=1&abbucket=11,650.00,15人付款,lululemon官方旗舰店,https://store.taobao.com/shop/view_shop.htm?user_number_id=2635590370,上海
lululemon丨Escape and Explore 男士运动T恤 *新春限定 LM3BTTS,https://detail.tmall.com/item.htm?id=610701186322&ns=1&abbucket=11,550.00,35人付款,lululemon官方旗舰店,https://store.taobao.com/shop/view_shop.htm?user_number_id=2635590370,上海
Bananain/蕉内520CL超级市场男士印花T恤休闲透气圆领纯棉短袖夏,https://detail.tmall.com/item.htm?id=617785673553&ns=1&abbucket=11,115.90,36人付款,bananain蕉内旗舰店,https://store.taobao.com/shop/view_shop.htm?user_number_id=3035493001,浙江 杭州
遇寇短袖t恤男 2020新款夏季潮流修身体恤个性织带拼接潮牌半袖男,https://detail.tmall.com/item.htm?id=586592937438&ns=1&abbucket=11,148.00,321人付款,遇寇旗舰店,https://store.taobao.com/shop/view_shop.htm?user_number_id=3170532857,广东 广州
遇寇短袖t恤男 2020新款夏季潮流个性炫彩烫画丝光棉修身潮牌半袖,https://detail.tmall.com/item.htm?id=613000166238&ns=1&abbucket=11,119.00,253人付款,遇寇旗舰店,https://store.taobao.com/shop/view_shop.htm?user_number_id=3170532857,广东 广州
4件】南极人短袖男士潮牌港风宽松大码潮流学生青少年纯棉夏季t恤,https://detail.tmall.com/item.htm?id=618079050616&ns=1&abbucket=11,89.90,15人付款,曙兴服饰专营店,https://store.taobao.com/shop/view_shop.htm?user_number_id=2173558035,福建 泉州
阿迪达斯官网adidas 男足球西班牙国家队运动短袖T恤FI6303,https://detail.tmall.com/item.htm?id=613408215266&ns=1&abbucket=11,158.00,24人付款,adidas足球旗舰店,https://store.taobao.com/shop/view_shop.htm?user_number_id=3900242952,江苏 苏州
阿迪达斯官网 adidas Messi Icon Emb 男装足球运动短袖T恤GL1988,https://detail.tmall.com/item.htm?id=615040562335&ns=1&abbucket=11,195.00,31人付款,adidas足球旗舰店,https://store.taobao.com/shop/view_shop.htm?user_number_id=3900242952,江苏 苏州
特价小新国内代购 Under Armour 安德玛UA男子运动短袖T恤1351921,https://item.taobao.com/item.htm?id=617082639643&ns=1&abbucket=11#detail,129.00,23人付款,tb001122520,https://store.taobao.com/shop/view_shop.htm?user_number_id=3168543556,上海
OMG潮牌 夏季原创休闲运动t恤男跑步健身宽松速干衣透气泼墨短袖,https://item.taobao.com/item.htm?id=619401303839&ns=1&abbucket=11#detail,129.00,16人付款,kenntch,https://store.taobao.com/shop/view_shop.htm?user_number_id=14590,浙江 杭州
Under Armour 安德玛 UA男子 能量棉休闲运动健身短袖T恤 1351913,https://item.taobao.com/item.htm?id=613176991165&ns=1&abbucket=11#detail,175.00,19人付款,水中紫藤,https://store.taobao.com/shop/view_shop.htm?user_number_id=1054025580,广东 茂名
粒子狂热速干衣男无袖宽松廓形号码印花吸湿排汗透气运动t恤男,https://detail.tmall.com/item.htm?id=576964942725&ns=1&abbucket=11,399.00,8人付款,particlefever官方旗舰店,https://store.taobao.com/shop/view_shop.htm?user_number_id=2910061451,上海
小新代购Under Armour安德玛UA男子训练运动圆领短袖T恤1346679,https://item.taobao.com/item.htm?id=615728215563&ns=1&abbucket=11#detail,149.00,26人付款,tb001122520,https://store.taobao.com/shop/view_shop.htm?user_number_id=3168543556,上海
VENUM VT T-SHIRT 毒液拳击泰拳MMA综合格斗训练休闲T恤,https://item.taobao.com/item.htm?id=609343559053&ns=1&abbucket=11#detail,238.00,4人付款,lw8065,https://store.taobao.com/shop/view_shop.htm?user_number_id=33226606,北京
巨石 安德玛 UA男子 透气速干训练运动休闲圆领T恤长袖-1345601,https://item.taobao.com/item.htm?id=616159359857&ns=1&abbucket=11#detail,179.00,15人付款,zhuangming287,https://store.taobao.com/shop/view_shop.htm?user_number_id=648713269,湖南 长沙
买一送一】 男士短袖t恤夏季潮流韩版潮牌宽松上衣服体恤纯色半袖,https://item.taobao.com/item.htm?id=611025162971&ns=1&abbucket=11#detail,9.90,1.0万+人付款,林弯弯潮域店,https://store.taobao.com/shop/view_shop.htm?user_number_id=836131725,广东 广州
粒子狂热运动t恤印花拼接高弹舒适吸湿排汗速干t恤 男,https://detail.tmall.com/item.htm?id=602380774218&ns=1&abbucket=11,429.00,7人付款,particlefever官方旗舰店,https://store.taobao.com/shop/view_shop.htm?user_number_id=2910061451,上海
【现货】Nike Sportswear ACG 男子 Logo 标语 短袖 T恤,https://item.taobao.com/item.htm?id=613506056827&ns=1&abbucket=11#detail,249.00,20人付款,陈嘉诚666,https://store.taobao.com/shop/view_shop.htm?user_number_id=1106053894,北京
UA安德玛短袖男 19巨石ROCK强森牛头短袖健身高弹运动T恤老兵限量,https://item.taobao.com/item.htm?id=607332969362&ns=1&abbucket=11#detail,189.00,28人付款,看我胸口碎陨石,https://store.taobao.com/shop/view_shop.htm?user_number_id=1979860017,浙江 杭州
Under Armour 安德玛 UA宽松短袖男子健身运动休闲速干T恤,https://item.taobao.com/item.htm?id=532710095923&ns=1&abbucket=11#detail,145.00,36人付款,pengxiaoying1288,https://store.taobao.com/shop/view_shop.htm?user_number_id=2148030955,广东 中山
现货 安德玛 UA男子 Waffle运动休闲训练宽松速干长袖T恤-1302355,https://item.taobao.com/item.htm?id=610701155842&ns=1&abbucket=11#detail,169.00,3人付款,andyb007,https://store.taobao.com/shop/view_shop.htm?user_number_id=128521416,湖北 武汉
2020新款夏季男士短袖t恤套装冰丝休闲韩版潮流帅气男装一套搭配,https://detail.tmall.com/item.htm?id=614321214723&ns=1&abbucket=11,39.90,94人付款,lpw旗舰店,https://store.taobao.com/shop/view_shop.htm?user_number_id=3499491468,江苏 苏州
安德玛男子Baseline篮球运动背心健身训练T恤Under Armour1355672,https://item.taobao.com/item.htm?id=613304095440&ns=1&abbucket=11#detail,168.00,30人付款,edhotman,https://store.taobao.com/shop/view_shop.htm?user_number_id=65962223,广东 深圳
UA安德玛男 运动T恤 强森Rock训练连帽短袖T恤 1351525,https://item.taobao.com/item.htm?id=612791231215&ns=1&abbucket=11#detail,369.00,20人付款,看我胸口碎陨石,https://store.taobao.com/shop/view_shop.htm?user_number_id=1979860017,上海
UA安德玛短袖t恤男运动健身能量棉大logo宽松1329590大码圆领透气,https://item.taobao.com/item.htm?id=586958832076&ns=1&abbucket=11#detail,128.00,27人付款,edhotman,https://store.taobao.com/shop/view_shop.htm?user_number_id=65962223,广东 深圳
安德玛UA男子RUSH库里运动训练修身紧身衣速干透气短袖T恤1327641,https://item.taobao.com/item.htm?id=619006842722&ns=1&abbucket=11#detail,246.00,6人付款,andyb007,https://store.taobao.com/shop/view_shop.htm?user_number_id=128521416,湖北 武汉
冰丝t恤男短袖黑科技纳米圆领速干运动衣防污透气防水不沾水半袖,https://detail.tmall.com/item.htm?id=590479662775&ns=1&abbucket=11,19.90,537人付款,猎卡陀旗舰店,https://store.taobao.com/shop/view_shop.htm?user_number_id=3875009687,河北 石家庄
正品Nike/耐克夏季新款男卡通AIR印花运动圆领短袖T恤CI2185-100,https://item.taobao.com/item.htm?id=618034240839&ns=1&abbucket=11#detail,119.00,15人付款,lifejourneyyyz,https://store.taobao.com/shop/view_shop.htm?user_number_id=610481421,北京
Under Armour 安德玛 UA宽松短袖男子健身运动休闲舒适T恤1326799,https://item.taobao.com/item.htm?id=587570466228&ns=1&abbucket=11#detail,139.00,121人付款,pengxiaoying1288,https://store.taobao.com/shop/view_shop.htm?user_number_id=2148030955,广东 中山
安德玛UA男子 强森 Rock 巨石牛头运动时尚健身服短袖T恤,https://item.taobao.com/item.htm?id=592528396806&ns=1&abbucket=11#detail,198.00,117人付款,小金dd86,https://store.taobao.com/shop/view_shop.htm?user_number_id=197807421,广东 珠海
安德玛 UA男子 RUSH矿物染织跑步健身训练运动速干T恤短袖1331741,https://item.taobao.com/item.htm?id=617084407143&ns=1&abbucket=11#detail,269.00,12人付款,zhuangming287,https://store.taobao.com/shop/view_shop.htm?user_number_id=648713269,湖南 长沙
美版Under Armour 安德玛 UA男 速干透气跑步运动短袖T恤1326587,https://item.taobao.com/item.htm?id=599321116487&ns=1&abbucket=11#detail,265.00,57人付款,水中紫藤,https://store.taobao.com/shop/view_shop.htm?user_number_id=1054025580,广东 茂名
安德玛UA男子ProjectRock自由军限量短袖T恤1355636/1351583,https://item.taobao.com/item.htm?id=609316582373&ns=1&abbucket=11#detail,219.00,31人付款,orangeforce,https://store.taobao.com/shop/view_shop.htm?user_number_id=635987231,上海
安德玛UA 强森Rock男子训练运动T恤Under Armour1351582,https://item.taobao.com/item.htm?id=615308329120&ns=1&abbucket=11#detail,238.00,16人付款,小金dd86,https://store.taobao.com/shop/view_shop.htm?user_number_id=197807421,广东 佛山
夏秋长袖t恤男士圆领宽松打底衫男生半袖修身上衣学生韩版潮流衣,https://item.taobao.com/item.htm?id=581106294192&ns=1&abbucket=11#detail,26.00,1261人付款,nkf954989885,https://store.taobao.com/shop/view_shop.htm?user_number_id=1877556435,广东 中山
2020新款短袖t恤夏季纯棉上衣男士圆领潮流装打底内搭衫衣服T恤,https://detail.tmall.com/item.htm?id=611219634703&ns=1&abbucket=11,9.90,4.0万+人付款,堡柏高旗舰店,https://store.taobao.com/shop/view_shop.htm?user_number_id=2207276307367,江西 南昌
彪马/PUMA 2020春夏男女新款纯棉圆领运动休闲短袖情侣T恤584369,https://item.taobao.com/item.htm?id=613964958049&ns=1&abbucket=11#detail,78.80,287人付款,贼你丈母娘,https://store.taobao.com/shop/view_shop.htm?user_number_id=2357525462,江苏 苏州
正品Nike/耐克夏季新款男AIR空军鞋盒印花圆领T恤CU6872-010-100,https://item.taobao.com/item.htm?id=618593950292&ns=1&abbucket=11#detail,179.00,5人付款,lifejourneyyyz,https://store.taobao.com/shop/view_shop.htm?user_number_id=610481421,北京
小玛国内代购 UNDER ARMOUR 安德玛UA男子运动速干短袖T恤1351777,https://item.taobao.com/item.htm?id=618969858528&ns=1&abbucket=11#detail,149.00,50人付款,各界对勒夫,https://store.taobao.com/shop/view_shop.htm?user_number_id=2795632172,上海
男装 插肩袖圆领T恤(五分袖) 425767 优衣库UNIQLO,https://detail.tmall.com/item.htm?id=613959469840&ns=1&abbucket=11,99.00,2.0万+人付款,优衣库官方旗舰店,https://store.taobao.com/shop/view_shop.htm?user_number_id=196993935,上海
男装/女装/亲子装 (UT) Billie Eilish 印花T恤(短袖T恤) 428711,https://detail.tmall.com/item.htm?id=618114657819&ns=1&abbucket=11,99.00,7500+人付款,优衣库官方旗舰店,https://store.taobao.com/shop/view_shop.htm?user_number_id=196993935,上海
【商场同款】太平鸟男装 碧梨Billie系列卡通短袖t恤潮 B2DAA2Y53,https://detail.tmall.com/item.htm?id=618222206918&ns=1&abbucket=11,328.00,329人付款,太平鸟男装旗舰店,https://store.taobao.com/shop/view_shop.htm?user_number_id=173275708,浙江 宁波
太平鸟男装 短袖T恤男宽松卡通涂鸦嘻哈体恤印花情侣阔版打底衫潮,https://detail.tmall.com/item.htm?id=611927504079&ns=1&abbucket=11,179.00,5500+人付款,太平鸟男装旗舰店,https://store.taobao.com/shop/view_shop.htm?user_number_id=173275708,浙江 宁波
【迪士尼奇奇和蒂蒂系列】UR2020夏新品男装印花T恤MV18S4MP2003,https://detail.tmall.com/item.htm?id=619012349852&ns=1&abbucket=11,239.00,53人付款,ur官方旗舰店,https://store.taobao.com/shop/view_shop.htm?user_number_id=2104668892,广东 广州
UR2020春夏新品男装潮流印花T恤MV17R4ME2000,https://detail.tmall.com/item.htm?id=616441018193&ns=1&abbucket=11,139.00,240人付款,ur官方旗舰店,https://store.taobao.com/shop/view_shop.htm?user_number_id=2104668892,广东 广州
Gap男童纯棉透气短袖T恤夏季573680 2020新款洋气印花潮童上衣,https://detail.tmall.com/item.htm?id=618021076506&ns=1&abbucket=11,125.00,102人付款,gap官方旗舰店,https://store.taobao.com/shop/view_shop.htm?user_number_id=669642169,江苏 苏州
Gap男装纯棉舒适宽松短袖T恤夏季591650 2020新款纯色基本款上衣,https://detail.tmall.com/item.htm?id=616560849468&ns=1&abbucket=11,159.00,391人付款,gap官方旗舰店,https://store.taobao.com/shop/view_shop.htm?user_number_id=669642169,江苏 苏州
GU极优男装全棉宽松T恤POKEMON宝可梦联名系列2020夏季新款324222,https://detail.tmall.com/item.htm?id=616416301014&ns=1&abbucket=11,98.00,589人付款,gu官方旗舰店,https://store.taobao.com/shop/view_shop.htm?user_number_id=2575956766,上海
GU极优男装印花T恤(短袖)PAC-MAN吃豆人联名款2020新款纯棉323566,https://detail.tmall.com/item.htm?id=618725341480&ns=1&abbucket=11,69.00,239人付款,gu官方旗舰店,https://store.taobao.com/shop/view_shop.htm?user_number_id=2575956766,上海
Massimo Dutti男装 素色棉质T恤 01426354820,https://detail.tmall.com/item.htm?id=612783105307&ns=1&abbucket=11,240.00,116人付款,massimodutti官方旗舰店,https://store.taobao.com/shop/view_shop.htm?user_number_id=2183380830,上海
Massimo Dutti 女童 亚麻和棉质条纹女孩休闲T 恤 06837800401,https://detail.tmall.com/item.htm?id=619136345888&ns=1&abbucket=11,190.00,13人付款,massimodutti官方旗舰店,https://store.taobao.com/shop/view_shop.htm?user_number_id=2183380830,上海
lululemon丨Fast and Free 男士运动短袖 T 恤 LM3BU1S,https://detail.tmall.com/item.htm?id=611010798227&ns=1&abbucket=11,550.00,34人付款,lululemon官方旗舰店,https://store.taobao.com/shop/view_shop.htm?user_number_id=2635590370,上海
lululemon丨Fast and Free 男士运动短袖 T 恤 LM3CJGS,https://detail.tmall.com/item.htm?id=608860954646&ns=1&abbucket=11,380.00,8人付款,lululemon官方旗舰店,https://store.taobao.com/shop/view_shop.htm?user_number_id=2635590370,浙江 杭州
Bananain蕉内508C男士Polo衫短袖夏季薄款透气吸汗运动家居T恤男,https://detail.tmall.com/item.htm?id=612479291244&ns=1&abbucket=11,86.90,41人付款,bananain蕉内旗舰店,https://store.taobao.com/shop/view_shop.htm?user_number_id=3035493001,浙江 杭州
遇寇短袖t恤男 2020新款潮流修身简约百搭字母刺绣圆领潮牌半袖男,https://detail.tmall.com/item.htm?id=613061832011&ns=1&abbucket=11,128.00,71人付款,遇寇旗舰店,https://store.taobao.com/shop/view_shop.htm?user_number_id=3170532857,广东 广州
遇寇短袖男潮牌 夏季薄款潮流修身时尚条纹上衣刺绣冰丝男士T恤潮,https://detail.tmall.com/item.htm?id=619403235766&ns=1&abbucket=11,128.00,72人付款,遇寇旗舰店,https://store.taobao.com/shop/view_shop.htm?user_number_id=3170532857,广东 广州
南极人短袖T恤男潮流学生半袖宽松男士夏季大码衣服男装白色T恤潮,https://detail.tmall.com/item.htm?id=570984572716&ns=1&abbucket=11,69.90,276人付款,曙兴服饰专营店,https://store.taobao.com/shop/view_shop.htm?user_number_id=2173558035,福建 泉州
男士短袖t恤潮牌休闲套装宽松纯棉ins潮流半袖帅气衣服男夏季男装,https://detail.tmall.com/item.htm?id=612827173844&ns=1&abbucket=11,59.90,691人付款,曙兴服饰专营店,https://store.taobao.com/shop/view_shop.htm?user_number_id=2173558035,福建 泉州
2020新款夏装潮男士短袖T恤纯棉圆领印花修身体恤夏季半袖打底衫,https://detail.tmall.com/item.htm?id=532857620037&ns=1&abbucket=11,9.90,8000+人付款,emperadoor旗舰店,https://store.taobao.com/shop/view_shop.htm?user_number_id=726081974,江西 南昌
阿迪达斯官网 adidas Unity GERMANY 男装足球运动短袖T恤GL1995,https://detail.tmall.com/item.htm?id=618422908361&ns=1&abbucket=11,180.00,8人付款,adidas足球旗舰店,https://store.taobao.com/shop/view_shop.htm?user_number_id=3900242952,江苏 苏州
阿迪达斯官网adidas Pogba Icon T男足球运动短袖T恤GL1991GL1992,https://detail.tmall.com/item.htm?id=615288463442&ns=1&abbucket=11,170.00,70人付款,adidas足球旗舰店,https://store.taobao.com/shop/view_shop.htm?user_number_id=3900242952,江苏 苏州
巨石 安德玛 UA男子 MK1速干透气健身训练运动休闲T恤短袖1345248,https://item.taobao.com/item.htm?id=615790698406&ns=1&abbucket=11#detail,199.00,34人付款,zhuangming287,https://store.taobao.com/shop/view_shop.htm?user_number_id=648713269,湖南 长沙
NIKE NSW 19夏新款无字母LOGO男运动休闲短袖T恤 BV7596-011-100,https://item.taobao.com/item.htm?id=599719312307&ns=1&abbucket=11#detail,189.00,53人付款,lifejourneyyyz,https://store.taobao.com/shop/view_shop.htm?user_number_id=610481421,北京
新款夏季坎肩背心男加肥加大码无袖t恤纯棉薄款弹力运动圆领汗衫,https://item.taobao.com/item.htm?id=567559224193&ns=1&abbucket=11#detail,13.90,958人付款,艾来一一,https://store.taobao.com/shop/view_shop.htm?user_number_id=2005826383,河北 衡水
Particle Fever 反光胶条吸汗防异味速干短袖健身运动T恤男,https://detail.tmall.com/item.htm?id=560970188930&ns=1&abbucket=11,240.00,25人付款,particlefever官方旗舰店,https://store.taobao.com/shop/view_shop.htm?user_number_id=2910061451,上海
国际米兰三冠王短袖TIMELESS系列运动休闲T恤（TREBLE I）,https://detail.tmall.com/item.htm?id=618180816634&ns=1&abbucket=11,129.00,128人付款,国际米兰足球俱乐部旗舰店,https://store.taobao.com/shop/view_shop.htm?user_number_id=2208064047555,浙江 金华
FIBA3V3世界三对三篮球大师赛出场热身训练运动速干跑篮服短袖T恤,https://item.taobao.com/item.htm?id=614230544234&ns=1&abbucket=11#detail,120.00,107人付款,t_1510496415671_0690,https://store.taobao.com/shop/view_shop.htm?user_number_id=3195181505,广东 深圳
夏季纯棉修身纯白体恤圆领纯色衣服白色男士半袖短袖T恤男9.9包邮,https://detail.tmall.com/item.htm?id=586415158236&ns=1&abbucket=11,9.90,199人付款,贝克雷尔旗舰店,https://store.taobao.com/shop/view_shop.htm?user_number_id=1974630726,江西 南昌
Under Armour 安德玛男子巨石 Rock强森 运动训练短袖T恤 1345812,https://item.taobao.com/item.htm?id=592655014956&ns=1&abbucket=11#detail,225.00,20人付款,看我胸口碎陨石,https://store.taobao.com/shop/view_shop.htm?user_number_id=1979860017,浙江 杭州
UA安德玛 男子运动T恤 巨石Rock强森 训练短袖T恤1355636 1351583,https://item.taobao.com/item.htm?id=612767027388&ns=1&abbucket=11#detail,255.00,13人付款,看我胸口碎陨石,https://store.taobao.com/shop/view_shop.htm?user_number_id=1979860017,上海
夏季男士短袖t恤打底衫纯棉上衣服宽松潮流半袖白丅圆领体恤男装,https://detail.tmall.com/item.htm?id=614508098090&ns=1&abbucket=11,9.90,5000+人付款,桦烙旗舰店,https://store.taobao.com/shop/view_shop.htm?user_number_id=2207449708608,浙江 金华
耐克NIKE SPORTSWEAR 2019 夏季新款 男子休闲短袖T恤 BQ1266-629,https://item.taobao.com/item.htm?id=594028741099&ns=1&abbucket=11#detail,129.00,6人付款,lifejourneyyyz,https://store.taobao.com/shop/view_shop.htm?user_number_id=610481421,北京
Adidas阿迪达斯 夏季男士短袖运动速干T恤正品 足球服跑步训练服,https://detail.tmall.com/item.htm?id=572396953095&ns=1&abbucket=11,89.00,18人付款,钧崴运动户外专营店,https://store.taobao.com/shop/view_shop.htm?user_number_id=416205457,上海
美国UA安德玛 Freedom Flag能量棉速干跑步健身运动T恤男士短袖,https://item.taobao.com/item.htm?id=553217019446&ns=1&abbucket=11#detail,147.00,47人付款,淘天下0521,https://store.taobao.com/shop/view_shop.htm?user_number_id=1715761650,北京
Salomon萨洛蒙短袖2020夏季新款男士棉T恤运动服上衣休闲百搭logo,https://detail.tmall.com/item.htm?id=616341666876&ns=1&abbucket=11,199.00,23人付款,salomon官方旗舰店,https://store.taobao.com/shop/view_shop.htm?user_number_id=733534376,江苏 苏州
男短袖T恤夏装新款V领韩版修身半袖打底衫男士纯棉上衣服休闲小衫,https://detail.tmall.com/item.htm?id=594816782525&ns=1&abbucket=11,29.80,575人付款,lpw旗舰店,https://store.taobao.com/shop/view_shop.htm?user_number_id=3499491468,江苏 苏州
安德玛UA Sportstyle Logo宽松版 能量棉运动T恤1257615/1329590,https://item.taobao.com/item.htm?id=544033707968&ns=1&abbucket=11#detail,138.00,64人付款,liangye19890324,https://store.taobao.com/shop/view_shop.htm?user_number_id=174867504,辽宁 沈阳
安德玛UA Tech2.0新款宽松男子速干衣透气运动跑步短袖T恤1326413,https://item.taobao.com/item.htm?id=594292909115&ns=1&abbucket=11#detail,145.00,39人付款,andyb007,https://store.taobao.com/shop/view_shop.htm?user_number_id=128521416,湖北 武汉
夏季男短袖T恤纯棉圆领空白纯色打底衫韩版修身纯白纯黑手绘半袖T,https://detail.tmall.com/item.htm?id=586185750086&ns=1&abbucket=11,9.90,483人付款,emperadoor旗舰店,https://store.taobao.com/shop/view_shop.htm?user_number_id=726081974,江西 南昌
Supield素湃黑科技纳米纯棉疏水短袖T恤男女情侣款防水防污打底衫,https://detail.tmall.com/item.htm?id=588051771134&ns=1&abbucket=11,129.00,29人付款,疏水旗舰店,https://store.taobao.com/shop/view_shop.htm?user_number_id=3395296883,上海
VENUM CLASSIC T-SHIRT 综合格斗 MMA 休闲格斗运动棉T恤,https://item.taobao.com/item.htm?id=604065604230&ns=1&abbucket=11#detail,238.00,6人付款,lw8065,https://store.taobao.com/shop/view_shop.htm?user_number_id=33226606,北京
2020新款春夏装短袖T恤男士半截袖上衣服半袖白色潮流打底衫体恤,https://detail.tmall.com/item.htm?id=577951738536&ns=1&abbucket=11,9.90,1992人付款,萨域旗舰店,https://store.taobao.com/shop/view_shop.htm?user_number_id=3843483733,广东 广州
男士短袖t恤2020夏季新款纯棉拼接上衣服潮牌打底衫男装潮流半袖,https://detail.tmall.com/item.htm?id=591662191065&ns=1&abbucket=11,9.90,2380人付款,lpw旗舰店,https://store.taobao.com/shop/view_shop.htm?user_number_id=3499491468,江苏 苏州
阿迪达斯2020夏季新款男跑步运动冰风训练透气速干短袖T恤 EI6391,https://item.taobao.com/item.htm?id=617806058006&ns=1&abbucket=11#detail,197.00,5人付款,随心淘477,https://store.taobao.com/shop/view_shop.htm?user_number_id=2824081078,浙江 金华
短袖t恤男士潮牌衣服体恤印花男装一套潮男搭配帅气夏季套装潮流,https://detail.tmall.com/item.htm?id=589278512084&ns=1&abbucket=11,19.90,605人付款,森威泽旗舰店,https://store.taobao.com/shop/view_shop.htm?user_number_id=4066403948,广东 揭阳
t恤男短袖防水纳米防污透气速干运动衣不沾水半袖黑科技圆领上衣,https://detail.tmall.com/item.htm?id=589060436610&ns=1&abbucket=11,19.90,2357人付款,猎卡陀旗舰店,https://store.taobao.com/shop/view_shop.htm?user_number_id=3875009687,河北 石家庄
小玛国内代购 Under Armour/安德玛UA男子运动速干短袖T恤1344227,https://item.taobao.com/item.htm?id=614811288576&ns=1&abbucket=11#detail,179.00,13人付款,各界对勒夫,https://store.taobao.com/shop/view_shop.htm?user_number_id=2795632172,上海
国际米兰三冠王全球纪念同款TIMELESS系列T恤白色,https://detail.tmall.com/item.htm?id=617894776510&ns=1&abbucket=11,129.00,76人付款,国际米兰足球俱乐部旗舰店,https://store.taobao.com/shop/view_shop.htm?user_number_id=2208064047555,浙江 金华
OMG潮牌 抽象印花运动T恤男休闲宽松短袖棉吸汗透气弹力跑步上衣,https://item.taobao.com/item.htm?id=617512907967&ns=1&abbucket=11#detail,129.00,89人付款,kenntch,https://store.taobao.com/shop/view_shop.htm?user_number_id=14590,浙江 杭州
NIKE NBA洛杉矶湖人詹姆斯23号男子篮球运动短袖T恤BQ1541-110,https://item.taobao.com/item.htm?id=619204594370&ns=1&abbucket=11#detail,198.00,14人付款,xl幸福玩具,https://store.taobao.com/shop/view_shop.htm?user_number_id=763026234,江苏 南京
安德玛 UA男子 巨石强森 Rock 运动健身短袖T恤-1346098 1347361,https://item.taobao.com/item.htm?id=605544931327&ns=1&abbucket=11#detail,199.00,32人付款,tobysr,https://store.taobao.com/shop/view_shop.htm?user_number_id=37891559,北京
强森 t恤安德玛强森t恤强森牛头短袖男联名巨石健身Rock训练短袖,https://item.taobao.com/item.htm?id=612057040332&ns=1&abbucket=11#detail,279.00,28人付款,wym088400,https://store.taobao.com/shop/view_shop.htm?user_number_id=267841105,浙江 杭州
男装(UT) BE x TM(Billie Eilish系列)印花T恤(短袖)427389优衣库,https://detail.tmall.com/item.htm?id=618372578828&ns=1&abbucket=11,99.00,7500+人付款,优衣库官方旗舰店,https://store.taobao.com/shop/view_shop.htm?user_number_id=196993935,上海
男装 DRY-EX圆领T恤(短袖) 422969 优衣库UNIQLO,https://detail.tmall.com/item.htm?id=611225228563&ns=1&abbucket=11,79.00,1989人付款,优衣库官方旗舰店,https://store.taobao.com/shop/view_shop.htm?user_number_id=196993935,上海
【商场同款】太平鸟男装 2020年夏季新款白色短袖T恤男B1DAA2664,https://detail.tmall.com/item.htm?id=616403845399&ns=1&abbucket=11,368.00,129人付款,太平鸟男装旗舰店,https://store.taobao.com/shop/view_shop.htm?user_number_id=173275708,浙江 宁波
太平鸟男装 猫和老鼠系列白色圆领短袖t恤舒适宽松上衣印花体恤,https://detail.tmall.com/item.htm?id=612299191634&ns=1&abbucket=11,199.00,631人付款,太平鸟男装旗舰店,https://store.taobao.com/shop/view_shop.htm?user_number_id=173275708,浙江 宁波
UR2020春夏新品男装时尚简约印花T恤MF17S4MN2001,https://detail.tmall.com/item.htm?id=615916106541&ns=1&abbucket=11,159.00,195人付款,ur官方旗舰店,https://store.taobao.com/shop/view_shop.htm?user_number_id=2104668892,广东 广州
Gap男童圆领短袖T恤春夏283559 漫威系列儿童印花上衣洋气童装,https://detail.tmall.com/item.htm?id=592629997902&ns=1&abbucket=11,99.00,498人付款,gap官方旗舰店,https://store.taobao.com/shop/view_shop.htm?user_number_id=669642169,江苏 苏州
Gap男装纯棉舒适宽松T恤夏装512272 2020新款简约男士上衣短袖男,https://detail.tmall.com/item.htm?id=618905482226&ns=1&abbucket=11,103.00,147人付款,gap官方旗舰店,https://store.taobao.com/shop/view_shop.htm?user_number_id=669642169,江苏 苏州
GU极优男装印花T恤(短袖)PAC-MAN吃豆人联名款2020新款纯棉323566,https://detail.tmall.com/item.htm?id=618725341480&ns=1&abbucket=11,69.00,239人付款,gu官方旗舰店,https://store.taobao.com/shop/view_shop.htm?user_number_id=2575956766,上海
UR2020春夏新品男装基本款休闲时尚翻领polo针织T恤MF15S9BN2008,https://detail.tmall.com/item.htm?id=614973944417&ns=1&abbucket=11,199.00,22人付款,ur官方旗舰店,https://store.taobao.com/shop/view_shop.htm?user_number_id=2104668892,广东 广州
GU极优男装宽松T恤5分袖GITS SAC2045攻壳机动队合作款纯棉322126,https://detail.tmall.com/item.htm?id=615340714391&ns=1&abbucket=11,98.00,194人付款,gu官方旗舰店,https://store.taobao.com/shop/view_shop.htm?user_number_id=2575956766,上海
Massimo Dutti男装 棉质/亚麻圆领针织T恤 00937457598,https://detail.tmall.com/item.htm?id=614249579531&ns=1&abbucket=11,350.00,143人付款,massimodutti官方旗舰店,https://store.taobao.com/shop/view_shop.htm?user_number_id=2183380830,上海
Massimo Dutti 男童 口袋装饰棉质条纹男孩 T 恤上衣 01417570250,https://detail.tmall.com/item.htm?id=613144082413&ns=1&abbucket=11,190.00,6人付款,massimodutti官方旗舰店,https://store.taobao.com/shop/view_shop.htm?user_number_id=2183380830,上海
lululemon丨5 Year 男士运动 T 恤 *新春限定 LM3CE7S,https://detail.tmall.com/item.htm?id=609961385744&ns=1&abbucket=11,220.00,23人付款,lululemon官方旗舰店,https://store.taobao.com/shop/view_shop.htm?user_number_id=2635590370,上海
lululemon丨Metal Vent Tech 男士长袖T恤2.0 *新春限定 LM3BT8S,https://detail.tmall.com/item.htm?id=610200802217&ns=1&abbucket=11,650.00,20人付款,lululemon官方旗舰店,https://store.taobao.com/shop/view_shop.htm?user_number_id=2635590370,上海
遇寇短袖t恤男 2020新款夏装潮流休闲上衣海魂衫条纹刺绣潮牌半袖,https://detail.tmall.com/item.htm?id=613004084364&ns=1&abbucket=11,158.00,79人付款,遇寇旗舰店,https://store.taobao.com/shop/view_shop.htm?user_number_id=3170532857,广东 广州
遇寇短袖t恤男2020新款夏季丝光棉潮流修身百搭纯色简约潮牌半袖,https://detail.tmall.com/item.htm?id=612626977015&ns=1&abbucket=11,88.00,146人付款,遇寇旗舰店,https://store.taobao.com/shop/view_shop.htm?user_number_id=3170532857,广东 广州
南极人短袖t恤男2020新款潮流纯色宽松上衣青少年纯棉半袖体恤男,https://detail.tmall.com/item.htm?id=613345227734&ns=1&abbucket=11,69.90,26人付款,曙兴服饰专营店,https://store.taobao.com/shop/view_shop.htm?user_number_id=2173558035,福建 泉州
阿迪达斯官方AFA SSP TEEGRA 男子阿根廷足球短袖T恤DP2910,https://detail.tmall.com/item.htm?id=591986685623&ns=1&abbucket=11,119.00,76人付款,adidas足球旗舰店,https://store.taobao.com/shop/view_shop.htm?user_number_id=3900242952,江苏 苏州
阿迪达斯官网adidas CAPTSUBA FRANCE 男装足球运动短袖T恤FQ7639,https://detail.tmall.com/item.htm?id=614145753710&ns=1&abbucket=11,182.00,16人付款,adidas足球旗舰店,https://store.taobao.com/shop/view_shop.htm?user_number_id=3900242952,江苏 苏州
南极人短袖T恤男2020夏季潮流宽松大码休闲体恤衫中学生半袖男装,https://detail.tmall.com/item.htm?id=612869334908&ns=1&abbucket=11,49.90,207人付款,曙兴服饰专营店,https://store.taobao.com/shop/view_shop.htm?user_number_id=2173558035,福建 泉州
Air Jordan 1 男子芝加哥圣诞限定篮球运动短袖T恤CI1328-010-100,https://item.taobao.com/item.htm?id=618035056715&ns=1&abbucket=11#detail,169.00,45人付款,lifejourneyyyz,https://store.taobao.com/shop/view_shop.htm?user_number_id=610481421,北京
NIKE DRI-FIT 新款耐克高中联赛男子篮球运动短袖T恤 CI9847-100,https://item.taobao.com/item.htm?id=591314909521&ns=1&abbucket=11#detail,169.00,19人付款,lifejourneyyyz,https://store.taobao.com/shop/view_shop.htm?user_number_id=610481421,北京
安德玛男子 运动短袖T恤 健身训练跑步短袖 休闲宽松速干T恤,https://item.taobao.com/item.htm?id=564599652109&ns=1&abbucket=11#detail,288.00,4人付款,看我胸口碎陨石,https://store.taobao.com/shop/view_shop.htm?user_number_id=1979860017,四川 绵阳
VENUM GIANT T-SHIRT伟大巨人经典系列 全棉 格斗运动休闲 T恤,https://item.taobao.com/item.htm?id=569127860598&ns=1&abbucket=11#detail,238.00,15人付款,lw8065,https://store.taobao.com/shop/view_shop.htm?user_number_id=33226606,北京
【现货】Nike Sportswear ACG 男子 夏季 新款 Logo 短袖 T恤,https://item.taobao.com/item.htm?id=596619133396&ns=1&abbucket=11#detail,199.00,70人付款,陈嘉诚666,https://store.taobao.com/shop/view_shop.htm?user_number_id=1106053894,北京
湖人队科比曼巴学院系列纪念款球衣短袖 KOBE男子篮球速干训练T恤,https://item.taobao.com/item.htm?id=615954547753&ns=1&abbucket=11#detail,135.00,21人付款,t_1510496415671_0690,https://store.taobao.com/shop/view_shop.htm?user_number_id=3195181505,广东 深圳
男士长袖t恤2020新款潮流修身体恤学生一套衣服连帽早秋卫衣套装,https://detail.tmall.com/item.htm?id=578399437398&ns=1&abbucket=11,69.80,33人付款,lpw旗舰店,https://store.taobao.com/shop/view_shop.htm?user_number_id=3499491468,江苏 苏州
夏装纯棉丅恤短袖t恤男印花潮流百搭宽松超火cec半袖体恤潮牌,https://detail.tmall.com/item.htm?id=589080934504&ns=1&abbucket=11,9.90,373人付款,贝克雷尔旗舰店,https://store.taobao.com/shop/view_shop.htm?user_number_id=1974630726,江西 南昌
美版安德玛 UA男子 速干圆领运动训练健身跑步透气长袖T恤1328496,https://item.taobao.com/item.htm?id=603360171250&ns=1&abbucket=11#detail,228.00,8人付款,水中紫藤,https://store.taobao.com/shop/view_shop.htm?user_number_id=1054025580,广东 茂名
Supield素湃黑科技纯棉圆领疏水短袖T恤男温感印花防水打底衫男T,https://detail.tmall.com/item.htm?id=588257805900&ns=1&abbucket=11,139.00,7人付款,疏水旗舰店,https://store.taobao.com/shop/view_shop.htm?user_number_id=3395296883,上海
VENUM UNDERGROUND KING T-SHIRT 综合格斗MMA运动训练纯棉T恤,https://item.taobao.com/item.htm?id=604587385253&ns=1&abbucket=11#detail,238.00,4人付款,lw8065,https://store.taobao.com/shop/view_shop.htm?user_number_id=33226606,北京
安德玛 UA男子 Perpetual 训练速干透气运动紧身衣短袖T恤1320980,https://item.taobao.com/item.htm?id=613259628432&ns=1&abbucket=11#detail,249.00,29人付款,zhuangming287,https://store.taobao.com/shop/view_shop.htm?user_number_id=648713269,湖南 长沙
纯棉短袖t恤男士潮牌潮流半袖体恤宽松港风圆领黑色夏季时尚网红,https://detail.tmall.com/item.htm?id=611781914593&ns=1&abbucket=11,9.90,1187人付款,森威泽旗舰店,https://store.taobao.com/shop/view_shop.htm?user_number_id=4066403948,广东 揭阳
Particle Fever(粒子狂热) PF男士速干袖口压印logo运动短袖T恤,https://detail.tmall.com/item.htm?id=586024928366&ns=1&abbucket=11,499.00,7人付款,particlefever官方旗舰店,https://store.taobao.com/shop/view_shop.htm?user_number_id=2910061451,上海
Under Armour UA男子安德玛Sportstyle棉速干运动短袖T恤1326799,https://item.taobao.com/item.htm?id=572305049894&ns=1&abbucket=11#detail,154.00,17人付款,o2村长,https://store.taobao.com/shop/view_shop.htm?user_number_id=2529692399,广东 佛山
特价国内代购 Under Armour 安德玛UA男子运动速干短袖T恤1327965,https://item.taobao.com/item.htm?id=617542666904&ns=1&abbucket=11#detail,119.00,45人付款,各界对勒夫,https://store.taobao.com/shop/view_shop.htm?user_number_id=2795632172,上海
2020新款潮带领T恤男短袖夏季立领Polo衫男士韩版修身薄款衣服潮,https://detail.tmall.com/item.htm?id=617911350909&ns=1&abbucket=11,19.90,219人付款,lpw旗舰店,https://store.taobao.com/shop/view_shop.htm?user_number_id=3499491468,江苏 苏州
2020夏天男士短袖T恤纯棉印花圆领半袖体恤夏季男装修身韩版衣服,https://detail.tmall.com/item.htm?id=532749595900&ns=1&abbucket=11,12.90,248人付款,emperadoor旗舰店,https://store.taobao.com/shop/view_shop.htm?user_number_id=726081974,江西 南昌
秋季男长袖T恤长袖纯色白色纯白纯棉秋装宽松潮打底衫POLO上衣服,https://detail.tmall.com/item.htm?id=588554265189&ns=1&abbucket=11,49.90,2人付款,索迪文旗舰店,https://store.taobao.com/shop/view_shop.htm?user_number_id=3838373478,江苏 无锡
安德玛 UA 强森Rock 男子训练运动T恤新款 Under Armour-1351581,https://item.taobao.com/item.htm?id=612977817676&ns=1&abbucket=11#detail,249.00,9人付款,tobysr,https://store.taobao.com/shop/view_shop.htm?user_number_id=37891559,北京
aj佳得乐联名袖标经典飞人串标T恤 三色男女情侣款运动休闲长袖,https://item.taobao.com/item.htm?id=615275216464&ns=1&abbucket=11#detail,158.00,44人付款,t_1510496415671_0690,https://store.taobao.com/shop/view_shop.htm?user_number_id=3195181505,广东 深圳
美国UnderArmour安德玛UA Tech V领男士短袖跑步速干T恤衫1328190,https://item.taobao.com/item.htm?id=570331974393&ns=1&abbucket=11#detail,137.00,34人付款,淘天下0521,https://store.taobao.com/shop/view_shop.htm?user_number_id=1715761650,北京
Supield素湃黑科技防水防污纳米T恤男时尚空间几何印花夏季短袖潮,https://detail.tmall.com/item.htm?id=615147424712&ns=1&abbucket=11,99.00,17人付款,疏水旗舰店,https://store.taobao.com/shop/view_shop.htm?user_number_id=3395296883,上海
巨石现货 安德玛 UA男子 运动休闲训练速干圆领短袖T恤-1346679,https://item.taobao.com/item.htm?id=617246319238&ns=1&abbucket=11#detail,145.00,22人付款,zhuangming287,https://store.taobao.com/shop/view_shop.htm?user_number_id=648713269,湖南 长沙
安德玛UA MK1 Emboss男子速干运动短袖T恤Under Armour1345248,https://item.taobao.com/item.htm?id=618942754801&ns=1&abbucket=11#detail,169.00,11人付款,爱宝公子,https://store.taobao.com/shop/view_shop.htm?user_number_id=654554234,四川 成都
安德玛牛头强森男运动T恤短袖 1351582 1351583 1355636 1351581,https://item.taobao.com/item.htm?id=614136763931&ns=1&abbucket=11#detail,236.00,51人付款,lijunzhu1015,https://store.taobao.com/shop/view_shop.htm?user_number_id=58143438,陕西 西安
安德玛UA Tech2.0新款宽松男子速干衣透气运动跑步短袖T恤1326413,https://item.taobao.com/item.htm?id=594292909115&ns=1&abbucket=11#detail,145.00,39人付款,andyb007,https://store.taobao.com/shop/view_shop.htm?user_number_id=128521416,湖北 武汉
Under Armour 安德玛 UA男子 Qualifier 跑步运动短袖T恤-1342925,https://item.taobao.com/item.htm?id=610803238982&ns=1&abbucket=11#detail,285.00,57人付款,水中紫藤,https://store.taobao.com/shop/view_shop.htm?user_number_id=1054025580,广东 茂名
纯棉短袖t恤男潮流宽松圆领T恤加肥加大码上衣服半袖学生体恤印花,https://detail.tmall.com/item.htm?id=585955766540&ns=1&abbucket=11,17.90,2479人付款,宝派尼旗舰店,https://store.taobao.com/shop/view_shop.htm?user_number_id=3075021198,河北 衡水
国际米兰短袖全球限量同款运动休闲T恤（persevera 持之以恒）,https://detail.tmall.com/item.htm?id=618976831639&ns=1&abbucket=11,99.00,74人付款,国际米兰足球俱乐部旗舰店,https://store.taobao.com/shop/view_shop.htm?user_number_id=2208064047555,浙江 金华
4件）男短袖半袖夏季青年大码宽松纯棉体恤衫新款韩版全棉潮流T恤,https://detail.tmall.com/item.htm?id=593605004022&ns=1&abbucket=11,57.98,123人付款,度誉旗舰店,https://store.taobao.com/shop/view_shop.htm?user_number_id=3954998847,河北 衡水
安德玛 UA 男子 运动训练无袖速干排汗透气紧身衣背心T恤-1320198,https://item.taobao.com/item.htm?id=571779072300&ns=1&abbucket=11#detail,179.00,3人付款,andyb007,https://store.taobao.com/shop/view_shop.htm?user_number_id=128521416,湖北 武汉
中国男士迷彩长袖军人纯棉t恤特种兵衣服秋季宽松印花潮流体恤,https://item.taobao.com/item.htm?id=599969111507&ns=1&abbucket=11#detail,28.80,283人付款,李海豹文雅666,https://store.taobao.com/shop/view_shop.htm?user_number_id=434532052,河北 石家庄
男装/女装 (UT) 新世纪福音战士EVA 印花T恤(短袖) 424617 优衣库,https://detail.tmall.com/item.htm?id=615649586727&ns=1&abbucket=11,99.00,6500+人付款,优衣库官方旗舰店,https://store.taobao.com/shop/view_shop.htm?user_number_id=196993935,上海
男装 DRY-EX圆领T恤(短袖) 422969 优衣库UNIQLO,https://detail.tmall.com/item.htm?id=611225228563&ns=1&abbucket=11,79.00,1989人付款,优衣库官方旗舰店,https://store.taobao.com/shop/view_shop.htm?user_number_id=196993935,上海
太平鸟男装 猫和老鼠系列男士短袖T恤潮卡通印花打底衫情侣夏装潮,https://detail.tmall.com/item.htm?id=612291999875&ns=1&abbucket=11,179.00,514人付款,太平鸟男装旗舰店,https://store.taobao.com/shop/view_shop.htm?user_number_id=173275708,浙江 宁波
太平鸟男装 2020夏季新款短袖T恤男圆领韩版潮流上衣纯棉微弹T恤,https://detail.tmall.com/item.htm?id=612231577328&ns=1&abbucket=11,189.90,262人付款,太平鸟男装旗舰店,https://store.taobao.com/shop/view_shop.htm?user_number_id=173275708,浙江 宁波
Gap男幼童纯棉透气短袖T恤夏季577607 2020新款可爱印花男童夏装,https://detail.tmall.com/item.htm?id=618724423860&ns=1&abbucket=11,69.00,59人付款,gap官方旗舰店,https://store.taobao.com/shop/view_shop.htm?user_number_id=669642169,江苏 苏州
Gap男童圆领短袖T恤春夏283559 漫威系列儿童印花上衣洋气童装,https://detail.tmall.com/item.htm?id=592629997902&ns=1&abbucket=11,99.00,498人付款,gap官方旗舰店,https://store.taobao.com/shop/view_shop.htm?user_number_id=669642169,江苏 苏州
UR2020春夏新品男装简约时尚条纹T恤MF14S4MN2000,https://detail.tmall.com/item.htm?id=615936971918&ns=1&abbucket=11,159.00,114人付款,ur官方旗舰店,https://store.taobao.com/shop/view_shop.htm?user_number_id=2104668892,广东 广州
UR2020春夏新品男装潮流简约印花T恤MF16S4MN2000,https://detail.tmall.com/item.htm?id=616438070643&ns=1&abbucket=11,159.00,79人付款,ur官方旗舰店,https://store.taobao.com/shop/view_shop.htm?user_number_id=2104668892,广东 广州
GU极优男装GU DRY宽松T恤5分袖(印花2)2020时尚潮流百搭325511,https://detail.tmall.com/item.htm?id=617736697202&ns=1&abbucket=11,98.00,158人付款,gu官方旗舰店,https://store.taobao.com/shop/view_shop.htm?user_number_id=2575956766,上海
GU极优男装圆领内搭T恤(短袖)(3件装)时尚简约321257,https://detail.tmall.com/item.htm?id=609570138402&ns=1&abbucket=11,89.00,351人付款,gu官方旗舰店,https://store.taobao.com/shop/view_shop.htm?user_number_id=2575956766,上海
Massimo Dutti 男童 口袋装饰棉质条纹男孩 T 恤上衣 01417570250,https://detail.tmall.com/item.htm?id=613144082413&ns=1&abbucket=11,190.00,6人付款,massimodutti官方旗舰店,https://store.taobao.com/shop/view_shop.htm?user_number_id=2183380830,上海
Massimo Dutti男装 棉质/亚麻圆领薄针织夏季T恤 00937457706,https://detail.tmall.com/item.htm?id=613995714944&ns=1&abbucket=11,350.00,25人付款,massimodutti官方旗舰店,https://store.taobao.com/shop/view_shop.htm?user_number_id=2183380830,上海
lululemon丨5 Year 男士运动 T 恤 *新春限定 LM3BTSS,https://detail.tmall.com/item.htm?id=610459985048&ns=1&abbucket=11,220.00,147人付款,lululemon官方旗舰店,https://store.taobao.com/shop/view_shop.htm?user_number_id=2635590370,上海
lululemon丨Fast and Free 男士运动长袖 T 恤 LM3BY5S,https://detail.tmall.com/item.htm?id=611010498631&ns=1&abbucket=11,650.00,4人付款,lululemon官方旗舰店,https://store.taobao.com/shop/view_shop.htm?user_number_id=2635590370,上海
遇寇短袖t恤男2020新款夏季潮流半袖提花烫钻冰丝T恤潮牌修身上衣,https://detail.tmall.com/item.htm?id=618251533394&ns=1&abbucket=11,128.00,98人付款,遇寇旗舰店,https://store.taobao.com/shop/view_shop.htm?user_number_id=3170532857,广东 广州
遇寇短袖t恤男2020新款夏季半袖潮流织带拼接刺绣条纹潮牌男士T恤,https://detail.tmall.com/item.htm?id=612244492036&ns=1&abbucket=11,158.00,159人付款,遇寇旗舰店,https://store.taobao.com/shop/view_shop.htm?user_number_id=3170532857,广东 广州
南极人短袖t恤男2020新款潮流纯色宽松上衣青少年纯棉半袖体恤男,https://detail.tmall.com/item.htm?id=613345227734&ns=1&abbucket=11,69.90,26人付款,曙兴服饰专营店,https://store.taobao.com/shop/view_shop.htm?user_number_id=2173558035,福建 泉州
2件】男士短袖t恤潮流潮牌宽松纯棉衣服2020新款港风体恤大码男装,https://detail.tmall.com/item.htm?id=613806668383&ns=1&abbucket=11,49.00,131人付款,曙兴服饰专营店,https://store.taobao.com/shop/view_shop.htm?user_number_id=2173558035,福建 泉州
阿迪达斯官网adidas 男足球德国国家队运动短袖T恤FI1465,https://detail.tmall.com/item.htm?id=613163582457&ns=1&abbucket=11,158.00,10人付款,adidas足球旗舰店,https://store.taobao.com/shop/view_shop.htm?user_number_id=3900242952,江苏 苏州
阿迪达斯官网 adidas HOL CI Tee 男装足球运动短袖T恤FK3563,https://detail.tmall.com/item.htm?id=618722829228&ns=1&abbucket=11,204.00,9人付款,adidas足球旗舰店,https://store.taobao.com/shop/view_shop.htm?user_number_id=3900242952,江苏 苏州
Particle Fever(粒子狂热) PF男士速干袖口压印logo运动短袖T恤,https://detail.tmall.com/item.htm?id=586024928366&ns=1&abbucket=11,499.00,7人付款,particlefever官方旗舰店,https://store.taobao.com/shop/view_shop.htm?user_number_id=2910061451,上海
Supield素湃黑科技黑色落肩短袖T恤男夏季新款星空图案潮T恤男,https://detail.tmall.com/item.htm?id=598878557882&ns=1&abbucket=11,139.00,17人付款,疏水旗舰店,https://store.taobao.com/shop/view_shop.htm?user_number_id=3395296883,上海
Under Armour 安德玛 UA男子 强森 Rock 运动训练T恤 1345817,https://item.taobao.com/item.htm?id=593812623478&ns=1&abbucket=11#detail,279.00,3人付款,看我胸口碎陨石,https://store.taobao.com/shop/view_shop.htm?user_number_id=1979860017,美国
郭艾伦同款经典23号Flight Mesh男子篮球运动网眼透气刺绣短袖T恤,https://item.taobao.com/item.htm?id=617277609716&ns=1&abbucket=11#detail,156.00,35人付款,t_1510496415671_0690,https://store.taobao.com/shop/view_shop.htm?user_number_id=3195181505,广东 深圳
夏季男士短袖t恤潮流个性v领丅体桖宽松男装春装衣服潮牌上衣夏装,https://detail.tmall.com/item.htm?id=616821935251&ns=1&abbucket=11,39.90,286人付款,lpw旗舰店,https://store.taobao.com/shop/view_shop.htm?user_number_id=3499491468,江苏 苏州
专柜正品 NIKE Kyrie 新款夏欧文男子篮球运动短袖T恤 BQ3604-011,https://item.taobao.com/item.htm?id=589098991918&ns=1&abbucket=11#detail,189.00,6人付款,lifejourneyyyz,https://store.taobao.com/shop/view_shop.htm?user_number_id=610481421,北京
男短袖T恤夏装新款V领韩版修身半袖打底衫男士纯棉上衣服休闲小衫,https://detail.tmall.com/item.htm?id=594816782525&ns=1&abbucket=11,29.80,575人付款,lpw旗舰店,https://store.taobao.com/shop/view_shop.htm?user_number_id=3499491468,江苏 苏州
NBA球员出场热身服洛杉矶湖人快船雄鹿队东契奇路威城市版短袖T恤,https://item.taobao.com/item.htm?id=618806578360&ns=1&abbucket=11#detail,139.00,14人付款,t_1510496415671_0690,https://store.taobao.com/shop/view_shop.htm?user_number_id=3195181505,广东 深圳
