煎蛋神器鸡蛋汉堡锅荷包蛋早餐蛋饺专用小平底锅迷你不粘四孔模具,https://detail.tmall.com/item.htm?id=596797265282&ns=1&abbucket=4,39.00,1.0万+人付款,炊达人旗舰店,https://store.taobao.com/shop/view_shop.htm?user_number_id=4086159433,浙江 金华
煎鸡蛋汉堡机四孔煎锅不粘小平底家用迷你早餐煎蛋神器煎饼锅模具,https://detail.tmall.com/item.htm?id=617881178709&ns=1&abbucket=4,24.90,1893人付款,银爵旗舰店,https://store.taobao.com/shop/view_shop.htm?user_number_id=2206451566380,浙江 金华
苏泊尔平底锅不粘锅煎锅家用小煎饼煎蛋烙牛排电磁炉燃气灶通适用,https://detail.tmall.com/item.htm?id=616562545585&ns=1&abbucket=4,99.00,420人付款,苏泊尔炊具旗舰店,https://store.taobao.com/shop/view_shop.htm?user_number_id=699994102,浙江 杭州
早餐煎蛋神器煎鸡蛋锅煎饺蛋饺模具不粘锅小煎锅平底锅家用荷包蛋,https://detail.tmall.com/item.htm?id=613225074859&ns=1&abbucket=4,22.90,3474人付款,那加雪飞旗舰店,https://store.taobao.com/shop/view_shop.htm?user_number_id=1597171269,浙江 金华
新品德国316不锈钢平底锅不粘锅煎锅家用牛排锅无涂层煎蛋烙饼锅,https://detail.tmall.com/item.htm?id=610591110801&ns=1&abbucket=4,298.00,303人付款,居家夫人旗舰店,https://store.taobao.com/shop/view_shop.htm?user_number_id=875874454,广东 广州
煎鸡蛋汉堡机多孔不粘小平底家用煎锅早餐煎饼锅模具四孔煎蛋神器,https://detail.tmall.com/item.htm?id=605362254963&ns=1&abbucket=4,39.00,9500+人付款,香悠悠旗舰店,https://store.taobao.com/shop/view_shop.htm?user_number_id=2218626744,浙江 金华
九阳平底锅不粘锅麦饭石色煎锅家用小煎饼煎蛋电磁炉燃气灶通适用,https://detail.tmall.com/item.htm?id=612686668841&ns=1&abbucket=4,59.00,1174人付款,九阳厨具旗舰店,https://store.taobao.com/shop/view_shop.htm?user_number_id=3284480025,安徽 合肥
Cookerbene德国麦饭石不粘锅平底锅电磁炉燃气灶煎蛋牛排烙饼炒锅,https://detail.tmall.com/item.htm?id=617577001500&ns=1&abbucket=4,99.00,1028人付款,cookerbene旗舰店,https://store.taobao.com/shop/view_shop.htm?user_number_id=2201479680248,浙江 嘉兴
九阳平底锅煎锅不粘锅烙饼锅电磁炉小型煎蛋煎牛排家用多功能锅,https://detail.tmall.com/item.htm?id=606328367715&ns=1&abbucket=4,39.00,2313人付款,九阳官方旗舰店,https://store.taobao.com/shop/view_shop.htm?user_number_id=4244469338,浙江 杭州
炊大皇平底锅不粘锅煎锅烙饼锅煎蛋牛排少油烟家用电磁燃气灶通用,https://detail.tmall.com/item.htm?id=614310707745&ns=1&abbucket=4,119.90,293人付款,苏宁易购官方旗舰店,https://store.taobao.com/shop/view_shop.htm?user_number_id=2616970884,江苏 南京
九阳暗夜绿煎锅不粘平底锅不粘锅电磁炉家用燃气灶适用煎蛋牛排锅,https://detail.tmall.com/item.htm?id=612052902059&ns=1&abbucket=4,99.00,783人付款,九阳官方旗舰店,https://store.taobao.com/shop/view_shop.htm?user_number_id=4244469338,浙江 杭州
小熊煎蛋器蒸蛋煮蛋器家用迷你插电小型煎锅自动断电鸡蛋早餐神器,https://detail.tmall.com/item.htm?id=549281987024&ns=1&abbucket=4,69.90,1050人付款,小熊慕熙专卖店,https://store.taobao.com/shop/view_shop.htm?user_number_id=3253324108,上海
小熊煮蛋器家用自动断电蒸蛋器煎蛋预约定时不锈钢鸡蛋机迷你小型,https://detail.tmall.com/item.htm?id=567922430517&ns=1&abbucket=4,199.00,264人付款,小熊厨房电器旗舰店,https://store.taobao.com/shop/view_shop.htm?user_number_id=175592270,广东 广州
英国LEBETE铸铁平底锅无涂层不粘锅煎锅家用烙饼锅煎蛋电磁炉通用,https://detail.tmall.com/item.htm?id=595795004223&ns=1&abbucket=4,119.00,649人付款,丽贝德旗舰店,https://store.taobao.com/shop/view_shop.htm?user_number_id=1749860591,上海
苏泊尔平底锅不粘锅家用烙饼煎蛋火红点煎炒锅不沾煎锅燃气灶适用,https://detail.tmall.com/item.htm?id=614701659859&ns=1&abbucket=4,199.00,42人付款,supor苏泊尔至梵专卖店,https://store.taobao.com/shop/view_shop.htm?user_number_id=2889308890,上海
蒸蛋器煮蛋器煎蛋器小型迷你煎锅全自动断电家用插电鸡蛋早餐神器,https://detail.tmall.com/item.htm?id=584109841424&ns=1&abbucket=4,32.90,2265人付款,领锐电器专营店,https://store.taobao.com/shop/view_shop.htm?user_number_id=2139551956,广东 中山
炊大皇不粘锅家用平底锅班戟煎锅千层饼蛋糕皮专用煎蛋早餐烙饼锅,https://detail.tmall.com/item.htm?id=616286465786&ns=1&abbucket=4,39.00,3018人付款,炊大皇多诺专卖店,https://store.taobao.com/shop/view_shop.htm?user_number_id=2201294775088,浙江 杭州
九阳平底锅不粘锅煎锅家用小煎饼煎蛋烙饼牛排电磁炉燃气灶通适用,https://detail.tmall.com/item.htm?id=618227659969&ns=1&abbucket=4,169.00,255人付款,九阳厨房电器旗舰店,https://store.taobao.com/shop/view_shop.htm?user_number_id=415670368,上海
麦饭石煎蛋锅三孔平底锅不粘锅荷包蛋煎锅煎蛋松饼模具煎鸡蛋饺锅,https://item.taobao.com/item.htm?id=569764985299&ns=1&abbucket=4#detail,118.00,415人付款,ioo宝贝ooo,https://store.taobao.com/shop/view_shop.htm?user_number_id=112517542,山东 威海
德国DIVO麦饭石不粘锅平底锅煎锅烙饼锅燃气灶适用牛排煎蛋煎饼锅,https://detail.tmall.com/item.htm?id=594091502049&ns=1&abbucket=4,79.00,2408人付款,divo旗舰店,https://store.taobao.com/shop/view_shop.htm?user_number_id=2712657474,广东 广州
麦饭石平底锅不粘锅煎锅家用小煎饼煎蛋烙饼牛排电磁炉燃气灶通用,https://detail.tmall.com/item.htm?id=618029549877&ns=1&abbucket=4,89.00,174人付款,ki家居旗舰店,https://store.taobao.com/shop/view_shop.htm?user_number_id=2941170220,陕西 西安
平底锅不粘锅电磁炉燃气适用酒店商用煎牛排煎蛋饺家用煎锅烙饼锅,https://item.taobao.com/item.htm?id=558697748525&ns=1&abbucket=4#detail,46.00,1141人付款,广州坚盛贸易,https://store.taobao.com/shop/view_shop.htm?user_number_id=383519445,广东 广州
平底锅不粘锅煎锅316不锈钢家用炒菜煎蛋烙饼无涂层电磁炉燃气灶,https://detail.tmall.com/item.htm?id=609548385081&ns=1&abbucket=4,158.00,281人付款,福万祥旗舰店,https://store.taobao.com/shop/view_shop.htm?user_number_id=702547983,浙江 金华
苏泊尔平底锅不粘锅燃气灶电磁炉煎蛋牛排千层煎饼锅不沾煎锅烙饼,https://detail.tmall.com/item.htm?id=45396298395&ns=1&abbucket=4,79.00,1317人付款,苏泊尔沃克尔专卖店,https://store.taobao.com/shop/view_shop.htm?user_number_id=1651369203,安徽 合肥
小熊煎蛋器蒸蛋器煮蛋机鸡蛋小型插电煎锅全自动断电家用早餐神器,https://detail.tmall.com/item.htm?id=12425539242&ns=1&abbucket=4,69.00,971人付款,库巴电器专营店,https://store.taobao.com/shop/view_shop.htm?user_number_id=735994334,广东 广州
爱仕达平底锅不粘锅家用小煎锅煎烙饼煎蛋牛排电磁炉燃气灶通适用,https://detail.tmall.com/item.htm?id=583826628460&ns=1&abbucket=4,35.00,2.0万+人付款,爱仕达旭美专卖店,https://store.taobao.com/shop/view_shop.htm?user_number_id=4049057390,浙江 杭州
比利时平底锅陶瓷不粘锅燃气灶适用电磁炉专用煎蛋煎饼牛排煎锅,https://detail.tmall.com/item.htm?id=599789476274&ns=1&abbucket=4,139.00,752人付款,bluediamond旗舰店,https://store.taobao.com/shop/view_shop.htm?user_number_id=2206397234217,广东 中山
Lacena韩国早餐平底煎蛋锅迷你蛋饺锅麦饭石不粘煎锅家用煎蛋神器,https://detail.tmall.com/item.htm?id=586404545921&ns=1&abbucket=4,110.40,743人付款,lacena居家日用旗舰店,https://store.taobao.com/shop/view_shop.htm?user_number_id=2200583049214,山东 青岛
麦饭石平底锅不粘锅小牛排煎锅烙饼锅燃气灶适用家用煎蛋神器,https://detail.tmall.com/item.htm?id=590898713421&ns=1&abbucket=4,7.90,1.5万+人付款,优茂旗舰店,https://store.taobao.com/shop/view_shop.htm?user_number_id=4162158935,浙江 金华
乐扣乐扣平底锅不粘锅牛排煎锅烙饼锅煎蛋煎饼锅麦饭石燃气灶适用,https://detail.tmall.com/item.htm?id=607394976536&ns=1&abbucket=4,199.00,129人付款,天猫超市,https://store.taobao.com/shop/view_shop.htm?user_number_id=725677994,上海
苏泊尔平底锅不粘煎锅26cm烙饼锅煎蛋煎饼牛排锅电磁炉燃气通用,https://detail.tmall.com/item.htm?id=582212531231&ns=1&abbucket=4,129.00,101人付款,天猫超市,https://store.taobao.com/shop/view_shop.htm?user_number_id=725677994,上海
苏泊尔平底锅家用麦饭石色不粘锅牛排煎锅煎蛋烙饼电磁炉燃气专用,https://detail.tmall.com/item.htm?id=615265050068&ns=1&abbucket=4,169.00,19人付款,苏泊尔炊具旗舰店,https://store.taobao.com/shop/view_shop.htm?user_number_id=699994102,浙江 杭州
鸡蛋汉堡机多孔不粘锅小平底锅家用早餐煎饼锅煎蛋神器蛋堡锅模具,https://detail.tmall.com/item.htm?id=610322028456&ns=1&abbucket=4,39.00,6000+人付款,瓷之舞旗舰店,https://store.taobao.com/shop/view_shop.htm?user_number_id=2201450543590,浙江 金华
苏泊尔平底锅不粘锅煎锅煎牛排煎锅锅具煎饼锅煎蛋燃气专适用家用,https://detail.tmall.com/item.htm?id=42874424570&ns=1&abbucket=4,109.00,23人付款,苏泊尔炊具旗舰店,https://store.taobao.com/shop/view_shop.htm?user_number_id=699994102,浙江 杭州
苏泊尔平底锅家用麦饭石色不粘锅牛排煎锅煎蛋神器电磁炉燃气专用,https://detail.tmall.com/item.htm?id=589223156518&ns=1&abbucket=4,179.00,471人付款,苏泊尔青凰专卖店,https://store.taobao.com/shop/view_shop.htm?user_number_id=3240375374,浙江 杭州
Lacena韩国麦饭石四孔煎蛋锅平底不粘蛋饺锅家用鸡蛋汉堡煎蛋神器,https://detail.tmall.com/item.htm?id=607885190574&ns=1&abbucket=4,188.00,623人付款,lacena居家日用旗舰店,https://store.taobao.com/shop/view_shop.htm?user_number_id=2200583049214,山东 青岛
小熊煮蛋蒸蛋器自动断电家用多功能小型煎蛋电煮锅1人预约早餐机,https://detail.tmall.com/item.htm?id=610207971457&ns=1&abbucket=4,219.00,22人付款,小熊厨房电器旗舰店,https://store.taobao.com/shop/view_shop.htm?user_number_id=175592270,广东 东莞
知吾煮不粘平底煎锅26cm带锅盖易清洁电磁炉适用牛排煎蛋家用,https://detail.tmall.com/item.htm?id=584181005212&ns=1&abbucket=4,129.00,55人付款,苏宁易购官方旗舰店,https://store.taobao.com/shop/view_shop.htm?user_number_id=2616970884,江苏 南京
苏泊尔平底锅不粘锅煎锅26cm家用煎饼煎蛋牛排锅电磁炉燃气灶通用,https://detail.tmall.com/item.htm?id=603117930517&ns=1&abbucket=4,119.00,130人付款,天猫超市,https://store.taobao.com/shop/view_shop.htm?user_number_id=725677994,上海
美的麦饭石不粘锅平底锅烙饼锅家用煎蛋牛排电磁炉燃气灶适用煎锅,https://detail.tmall.com/item.htm?id=535440538238&ns=1&abbucket=4,69.00,79人付款,美的炊具旗舰店,https://store.taobao.com/shop/view_shop.htm?user_number_id=2385614665,广东 佛山
炊大皇不沾平底锅不粘锅牛排煎锅小炒锅电磁炉通用煎蛋煎锅26cm,https://detail.tmall.com/item.htm?id=42032680153&ns=1&abbucket=4,49.90,1622人付款,天猫超市,https://store.taobao.com/shop/view_shop.htm?user_number_id=725677994,上海
炊大皇不沾平底锅不粘锅牛排煎锅小炒锅电磁炉通用煎蛋煎锅26cm,https://detail.tmall.com/item.htm?id=42032680153&ns=1&abbucket=4,49.90,1622人付款,天猫超市,https://store.taobao.com/shop/view_shop.htm?user_number_id=725677994,上海
美的不粘锅麦饭石平底牛排锅烙饼锅电磁炉专用燃气灶适用煎蛋煎锅,https://detail.tmall.com/item.htm?id=597588334164&ns=1&abbucket=4,49.00,784人付款,美的炊具旗舰店,https://store.taobao.com/shop/view_shop.htm?user_number_id=2385614665,广东 佛山
韩库韩国进口麦饭石平底烙饼锅煎蛋牛排不粘煎锅无油烟家用26cm,https://detail.tmall.com/item.htm?id=572650258148&ns=1&abbucket=4,179.00,50人付款,天猫国际进口超市国内现货,https://store.taobao.com/shop/view_shop.htm?user_number_id=2807304908,上海
康巴赫旗舰店官方旗舰不粘锅平底锅316不锈钢煎锅煎蛋煎牛排三代,https://detail.tmall.com/item.htm?id=599082921022&ns=1&abbucket=4,299.00,607人付款,kbh康巴赫猫咪说专卖店,https://store.taobao.com/shop/view_shop.htm?user_number_id=4140803610,浙江 金华
美的平底锅家用不粘锅煎蛋煎饼果子牛排煎锅小号电磁炉专用不沾锅,https://detail.tmall.com/item.htm?id=589380420037&ns=1&abbucket=4,139.00,7000+人付款,美的生活电器旗舰店,https://store.taobao.com/shop/view_shop.htm?user_number_id=2973966816,安徽 芜湖
九阳煎锅平底锅不粘锅煎饼锅煎牛排煎蛋烙饼锅家用轻奢派2655D,https://detail.tmall.com/item.htm?id=589270868413&ns=1&abbucket=4,199.00,19人付款,九阳官方旗舰店,https://store.taobao.com/shop/view_shop.htm?user_number_id=4244469338,浙江 杭州
麦饭石平底锅不粘锅烙饼煎蛋煎饼牛排燃气灶适用电磁炉专用小煎锅,https://detail.tmall.com/item.htm?id=612643508538&ns=1&abbucket=4,168.00,590人付款,sowe旗舰店,https://store.taobao.com/shop/view_shop.htm?user_number_id=2201471095892,浙江 杭州
煎鸡蛋锅不粘四孔平底煎饼锅迷你煎饼盘家用早餐煎蛋神器小模具,https://detail.tmall.com/item.htm?id=601318482357&ns=1&abbucket=4,39.90,319人付款,尚巧厨旗舰店,https://store.taobao.com/shop/view_shop.htm?user_number_id=1710482305,上海
苏泊尔平底锅不粘锅煎锅家用多功能油炸煎蛋牛排电磁炉燃气通适用,https://detail.tmall.com/item.htm?id=587409800354&ns=1&abbucket=4,39.00,3840人付款,苏泊尔汇田专卖店,https://store.taobao.com/shop/view_shop.htm?user_number_id=815034968,上海
小熊蒸蛋器自动断电家用煮蛋器小型多功能煮鸡蛋神器煎蛋器蛋羹机,https://detail.tmall.com/item.htm?id=602246717566&ns=1&abbucket=4,139.00,782人付款,小熊珺晗专卖店,https://store.taobao.com/shop/view_shop.htm?user_number_id=4223547752,广东 佛山
美菱早餐锅煎蛋神器锅手抓饼不粘锅蛋饺锅插电煎牛排平底锅迷你小,https://detail.tmall.com/item.htm?id=605208825039&ns=1&abbucket=4,99.00,814人付款,美菱欧汇专卖店,https://store.taobao.com/shop/view_shop.htm?user_number_id=3853472155,安徽 芜湖
摩登主妇麦饭石平底锅不粘锅煎锅分层煎蛋牛排神器锅多功能早餐锅,https://detail.tmall.com/item.htm?id=618282374121&ns=1&abbucket=4,185.90,48人付款,摩登主妇旗舰店,https://store.taobao.com/shop/view_shop.htm?user_number_id=2452359127,浙江 宁波
[预售]平底锅不粘锅煎锅家用小煎饼煎蛋烙饼牛排电磁炉燃气灶通用,https://detail.tmall.com/item.htm?id=618761830753&ns=1&abbucket=4,159.00,2人付款,卡贝家居旗舰店,https://store.taobao.com/shop/view_shop.htm?user_number_id=2206062433,浙江 温州
日式玉子烧不粘锅麦饭石煎蛋早餐平底锅煎饼家用迷你小煎锅厚蛋烧,https://detail.tmall.com/item.htm?id=618422219620&ns=1&abbucket=4,24.90,921人付款,银爵旗舰店,https://store.taobao.com/shop/view_shop.htm?user_number_id=2206451566380,浙江 金华
美的迷你不粘平底锅小煎蛋煎牛排煎饼果子燃气电磁炉家用适用煎锅,https://detail.tmall.com/item.htm?id=589399457896&ns=1&abbucket=4,129.00,25人付款,美的官方旗舰店,https://store.taobao.com/shop/view_shop.htm?user_number_id=201749140,广东 广州
Carote不粘锅平底锅煎锅烙饼锅煎鱼不粘煎蛋电磁炉燃气灶锅日式锅,https://detail.tmall.com/item.htm?id=616264757872&ns=1&abbucket=4,119.00,811人付款,carote旗舰店,https://store.taobao.com/shop/view_shop.htm?user_number_id=3043550854,浙江 金华
美的迷你不粘平底锅小煎蛋煎牛排煎饼果子燃气电磁炉家用适用煎锅,https://detail.tmall.com/item.htm?id=586960476943&ns=1&abbucket=4,129.00,11人付款,美的生活电器旗舰店,https://store.taobao.com/shop/view_shop.htm?user_number_id=2973966816,广东 广州
苏泊尔近无油烟平底锅不粘锅煎锅家用煎饼煎蛋牛排电磁燃气灶适用,https://detail.tmall.com/item.htm?id=618021041873&ns=1&abbucket=4,159.00,89人付款,苏泊尔炊具旗舰店,https://store.taobao.com/shop/view_shop.htm?user_number_id=699994102,浙江 杭州
小熊煎蛋器玉子烧日式煎蛋电煎蛋锅煎蛋锅小插电小型早餐抖音神器,https://detail.tmall.com/item.htm?id=598356764667&ns=1&abbucket=4,139.00,65人付款,小熊厨房电器旗舰店,https://store.taobao.com/shop/view_shop.htm?user_number_id=175592270,广东 东莞
煎鸡蛋汉堡机多孔不粘小平底家用煎锅早餐煎饼锅模具四孔煎蛋神器,https://detail.tmall.com/item.htm?id=609909930038&ns=1&abbucket=4,39.00,1861人付款,德品家居专营店,https://store.taobao.com/shop/view_shop.htm?user_number_id=2450454097,浙江 杭州
美的麦饭石不粘锅平底锅烙饼锅家用煎蛋牛排电磁炉燃气灶适用煎锅,https://detail.tmall.com/item.htm?id=586996948444&ns=1&abbucket=4,69.00,8人付款,美的好朋友专卖店,https://store.taobao.com/shop/view_shop.htm?user_number_id=3426460083,广东 佛山
Carote新品不粘锅平底锅牛排煎锅煎鱼不沾锅煎蛋披萨盘手柄可拆卸,https://detail.tmall.com/item.htm?id=618294546752&ns=1&abbucket=4,129.00,15人付款,天猫国际进口超市,https://store.taobao.com/shop/view_shop.htm?user_number_id=2549841410,浙江 杭州
小熊陶瓷煮蛋器家用小型自动断电多功能宿舍小功率煎蛋迷你煮蛋器,https://detail.tmall.com/item.htm?id=583998647093&ns=1&abbucket=4,199.00,45人付款,小熊厨房电器旗舰店,https://store.taobao.com/shop/view_shop.htm?user_number_id=175592270,广东 佛山
九阳平底锅不粘锅煎锅家用小煎饼煎蛋烙饼牛排电磁炉燃气灶通适用,https://detail.tmall.com/item.htm?id=606444303170&ns=1&abbucket=4,69.00,165人付款,九阳官方旗舰店,https://store.taobao.com/shop/view_shop.htm?user_number_id=4244469338,浙江 杭州
九阳 煎锅炒锅两用少油烟不粘锅家用煎蛋燃气电磁炉通用JLW2601D,https://detail.tmall.com/item.htm?id=596887037694&ns=1&abbucket=4,42.80,,天猫会员店,https://store.taobao.com/shop/view_shop.htm?user_number_id=2200757237600,上海
Neoflam陶瓷不粘平底锅牛排煎锅烙饼煎蛋少油烟炒菜锅电磁炉通用,https://detail.tmall.com/item.htm?id=600602611599&ns=1&abbucket=4,99.00,247人付款,天猫国际进口超市国内现货,https://store.taobao.com/shop/view_shop.htm?user_number_id=2807304908,上海
小南瓜蛋包肠机早餐机家用全自动鸡蛋杯蛋卷机蒸蛋煮蛋器煎蛋神器,https://detail.tmall.com/item.htm?id=613064104476&ns=1&abbucket=4,69.00,52人付款,天猫超市,https://store.taobao.com/shop/view_shop.htm?user_number_id=725677994,上海
鸡蛋汉堡机锅煎蛋神器蛋堡蛋饺早餐家用平底不粘四孔荷包蛋模具小,https://detail.tmall.com/item.htm?id=608594092353&ns=1&abbucket=4,78.00,745人付款,景记旗舰店,https://store.taobao.com/shop/view_shop.htm?user_number_id=3066160278,上海
炊大皇麦饭石平底锅不粘锅牛排煎锅电磁炉家用煎饼锅炸锅煎蛋炒锅,https://detail.tmall.com/item.htm?id=593932034238&ns=1&abbucket=4,129.90,932人付款,炊大皇官方旗舰店,https://store.taobao.com/shop/view_shop.htm?user_number_id=735011836,浙江 金华
美的迷你不粘平底锅炒锅煎蛋煎牛排烙饼锅燃气电磁炉家用小煎锅,https://detail.tmall.com/item.htm?id=586271078406&ns=1&abbucket=4,149.00,84人付款,天猫超市,https://store.taobao.com/shop/view_shop.htm?user_number_id=725677994,上海
千层饼平底锅不粘锅煎蛋专用锅班戟锅6寸8寸煎饼烙饼煎鸡蛋锅小,https://detail.tmall.com/item.htm?id=608060995638&ns=1&abbucket=4,29.60,5500+人付款,厨思乐旗舰店,https://store.taobao.com/shop/view_shop.htm?user_number_id=2206473891621,浙江 宁波
炊大皇麦饭石煎饼锅平底锅不粘锅煎蛋少油烟家用牛排电磁炉通用,https://detail.tmall.com/item.htm?id=568323465631&ns=1&abbucket=4,89.90,74人付款,苏宁易购官方旗舰店,https://store.taobao.com/shop/view_shop.htm?user_number_id=2616970884,江苏 南京
Lacena韩国进口早餐平底煎蛋锅三孔蛋饺锅麦饭石鸡蛋汉堡煎蛋神器,https://detail.tmall.com/item.htm?id=619189043177&ns=1&abbucket=4,158.00,58人付款,lacena居家日用旗舰店,https://store.taobao.com/shop/view_shop.htm?user_number_id=2200583049214,山东 青岛
赛普瑞斯三明治早餐锅多功能双面煎锅煎蛋神器不粘锅家用锅具,https://detail.tmall.com/item.htm?id=568255341118&ns=1&abbucket=4,168.00,792人付款,赛普瑞斯旗舰店,https://store.taobao.com/shop/view_shop.htm?user_number_id=1047573027,浙江 金华
煎鸡蛋锅不粘平底锅家用迷你荷包蛋汉堡蛋饺锅模具多孔小煎蛋神器,https://detail.tmall.com/item.htm?id=568584744667&ns=1&abbucket=4,16.90,4985人付款,香悠悠旗舰店,https://store.taobao.com/shop/view_shop.htm?user_number_id=2218626744,浙江 金华
摩登主妇硅胶DIY煎鸡蛋煎蛋器煎蛋神器荷包蛋模具厨房煎饼模型,https://detail.tmall.com/item.htm?id=614515978447&ns=1&abbucket=4,9.90,716人付款,摩登主妇旗舰店,https://store.taobao.com/shop/view_shop.htm?user_number_id=2452359127,浙江 宁波
美的不锈钢煎锅316L平底锅牛排锅炒菜锅燃气灶适用煎蛋神器烙饼锅,https://detail.tmall.com/item.htm?id=615764106810&ns=1&abbucket=4,399.00,4人付款,美的炊具旗舰店,https://store.taobao.com/shop/view_shop.htm?user_number_id=2385614665,广东 佛山
苏泊尔小馋喵系列平底锅不粘锅煎锅家用煎饼煎蛋电磁炉通用,https://detail.tmall.com/item.htm?id=617752080536&ns=1&abbucket=4,129.00,5人付款,苏泊尔炊具旗舰店,https://store.taobao.com/shop/view_shop.htm?user_number_id=699994102,浙江 杭州
美的平底锅煎锅28cm炒锅牛排锅煎蛋锅具煎饼锅燃磁通用不粘锅炊具,https://detail.tmall.com/item.htm?id=610012654992&ns=1&abbucket=4,89.00,8人付款,苏宁易购官方旗舰店,https://store.taobao.com/shop/view_shop.htm?user_number_id=2616970884,江苏 南京
九阳平底锅煎锅不粘锅烙饼锅电磁炉小型煎蛋煎牛排家用多功能锅,https://detail.tmall.com/item.htm?id=614070890685&ns=1&abbucket=4,75.00,28人付款,九阳合千润专卖店,https://store.taobao.com/shop/view_shop.htm?user_number_id=897258160,浙江 杭州
九阳平底锅不粘锅煎锅家用小煎饼煎蛋烙饼牛排电磁炉燃气灶通适用,https://detail.tmall.com/item.htm?id=615362300749&ns=1&abbucket=4,119.00,7人付款,九阳合千润专卖店,https://store.taobao.com/shop/view_shop.htm?user_number_id=897258160,浙江 杭州
九阳平底锅不粘锅煎锅家用小煎饼煎蛋烙饼牛排电磁炉燃气灶通适用,https://detail.tmall.com/item.htm?id=615362300749&ns=1&abbucket=4,119.00,7人付款,九阳合千润专卖店,https://store.taobao.com/shop/view_shop.htm?user_number_id=897258160,浙江 杭州
九阳平底锅不粘锅煎锅家用小煎饼煎蛋烙饼牛排电磁炉燃气灶通适用,https://detail.tmall.com/item.htm?id=612867848884&ns=1&abbucket=4,99.00,345人付款,九阳厨具旗舰店,https://store.taobao.com/shop/view_shop.htm?user_number_id=3284480025,安徽 合肥
小熊蒸蛋器自动断电家用煎蛋神器定时煮蛋器煎蛋器小型插电早餐机,https://detail.tmall.com/item.htm?id=602455466474&ns=1&abbucket=4,139.00,362人付款,小熊清致专卖店,https://store.taobao.com/shop/view_shop.htm?user_number_id=3233918042,上海
九阳平底锅不粘锅煎锅家用小煎饼煎蛋烙饼牛排电磁炉燃气灶通适用,https://detail.tmall.com/item.htm?id=617039021687&ns=1&abbucket=4,129.00,98人付款,九阳厨具旗舰店,https://store.taobao.com/shop/view_shop.htm?user_number_id=3284480025,安徽 合肥
煎鸡蛋汉堡机多孔不粘小平底家用牛排煎锅早餐煎饼锅模具煎蛋神器,https://detail.tmall.com/item.htm?id=616945024202&ns=1&abbucket=4,59.00,2087人付款,香悠悠旗舰店,https://store.taobao.com/shop/view_shop.htm?user_number_id=2218626744,浙江 金华
炊大皇日式玉子烧方形迷你不粘锅厚蛋烧小煎锅煎蛋家用平底早餐锅,https://detail.tmall.com/item.htm?id=618914099861&ns=1&abbucket=4,49.90,519人付款,炊大皇多诺专卖店,https://store.taobao.com/shop/view_shop.htm?user_number_id=2201294775088,浙江 杭州
美的麦饭石平底不粘锅家用煎蛋牛排饼电磁炉专用燃气灶适用小煎锅,https://detail.tmall.com/item.htm?id=602078471351&ns=1&abbucket=4,59.00,129人付款,美的官方旗舰店,https://store.taobao.com/shop/view_shop.htm?user_number_id=201749140,广东 佛山
欧汇家用多功能小型宿舍插电煎锅煎牛排烙饼锅早餐煎蛋神器平底锅,https://detail.tmall.com/item.htm?id=605740867675&ns=1&abbucket=4,119.00,195人付款,欧汇旗舰店,https://store.taobao.com/shop/view_shop.htm?user_number_id=2978642515,上海
麦饭石平底锅不粘锅炒家用煎蛋饼小烙饼锅牛排电磁炉燃气灶通适用,https://detail.tmall.com/item.htm?id=604817837963&ns=1&abbucket=4,19.90,4029人付款,彪龙厨具旗舰店,https://store.taobao.com/shop/view_shop.htm?user_number_id=2206463795910,浙江 金华
德国304不锈钢平底锅不粘锅煎锅牛排锅煎饼锅具煎蛋烙饼锅28CM,https://detail.tmall.com/item.htm?id=542812562959&ns=1&abbucket=4,299.00,76人付款,居家夫人旗舰店,https://store.taobao.com/shop/view_shop.htm?user_number_id=875874454,广东 广州
美的平底锅不粘锅家用炒菜锅煎蛋小煎锅电磁炉专用燃气灶适用炒锅,https://detail.tmall.com/item.htm?id=602675872559&ns=1&abbucket=4,89.00,84人付款,美的炊具旗舰店,https://store.taobao.com/shop/view_shop.htm?user_number_id=2385614665,广东 广州
美的平底锅不粘锅家用煎饼煎蛋牛排锅具电磁炉专用燃气灶适用炒锅,https://detail.tmall.com/item.htm?id=606318269292&ns=1&abbucket=4,99.00,17人付款,美的精品电器旗舰店,https://store.taobao.com/shop/view_shop.htm?user_number_id=2979107860,广东 佛山
【直营】20cm韩库进口麦饭石平底锅不粘锅煎蛋多功能迷你小煎锅,https://detail.tmall.com/item.htm?id=572544661571&ns=1&abbucket=4,149.00,27人付款,天猫国际进口超市国内现货,https://store.taobao.com/shop/view_shop.htm?user_number_id=2807304908,上海
九阳平底锅不粘锅煎锅家用小煎饼煎蛋烙饼牛排电磁炉燃气灶通适用,https://detail.tmall.com/item.htm?id=617871813833&ns=1&abbucket=4,59.00,1人付款,够实惠旗舰店,https://store.taobao.com/shop/view_shop.htm?user_number_id=2207895997260,上海
爱仕达平底锅不粘锅煎锅煎饼锅26cm煎蛋锅具牛排锅燃气灶锅小炒锅,https://detail.tmall.com/item.htm?id=12264331630&ns=1&abbucket=4,89.00,128人付款,天猫超市,https://store.taobao.com/shop/view_shop.htm?user_number_id=725677994,上海
【天猫超市】爱仕达煎锅不粘少烟平底锅28cm煎蛋牛排锅具G8228E,https://detail.tmall.com/item.htm?id=528624028740&ns=1&abbucket=4,109.00,2人付款,天猫超市,https://store.taobao.com/shop/view_shop.htm?user_number_id=725677994,上海
九阳平底锅不粘锅小煎锅牛排煎蛋饼烙饼锅家用不沾电磁炉燃气通用,https://detail.tmall.com/item.htm?id=573540655631&ns=1&abbucket=4,89.00,83人付款,九阳厨房电器旗舰店,https://store.taobao.com/shop/view_shop.htm?user_number_id=415670368,上海
苏泊尔煎锅平底锅不粘锅家用烙饼锅不沾小煎蛋煎饼燃气电磁炉通用,https://detail.tmall.com/item.htm?id=534872672170&ns=1&abbucket=4,109.00,12人付款,supor苏泊尔至梵专卖店,https://store.taobao.com/shop/view_shop.htm?user_number_id=2889308890,上海
煎蛋锅插电小型早餐锅荷包蛋机煎蛋神器不粘蛋饺锅商用鸡蛋汉堡机,https://detail.tmall.com/item.htm?id=617993012343&ns=1&abbucket=4,178.00,100人付款,芬誉旗舰店,https://store.taobao.com/shop/view_shop.htm?user_number_id=2200780899512,福建 厦门
美菱早餐煎蛋神器插电煎鸡蛋器蛋饺锅鸡蛋汉堡机荷包蛋模具全自动,https://item.taobao.com/item.htm?id=597665250192&ns=1&abbucket=4#detail,99.00,115人付款,禾禾木烤涮用具,https://store.taobao.com/shop/view_shop.htm?user_number_id=3477034625,广东 佛山
平底锅不粘锅煎锅烙饼锅不锈钢家用煎蛋牛排无涂层电磁炉燃气灶,https://detail.tmall.com/item.htm?id=567513875795&ns=1&abbucket=4,268.00,904人付款,dumik旗舰店,https://store.taobao.com/shop/view_shop.htm?user_number_id=2126765862,浙江 杭州
美的平底锅不粘锅小牛排煎锅烙饼锅家用电磁炉燃气灶通用煎蛋神器,https://detail.tmall.com/item.htm?id=596306857783&ns=1&abbucket=4,49.00,30人付款,美的好朋友专卖店,https://store.taobao.com/shop/view_shop.htm?user_number_id=3426460083,广东 佛山
推荐18/10不锈钢平底锅不粘锅煎锅加厚煎饼煎牛排煎蛋小煎锅20cm,https://item.taobao.com/item.htm?id=597439765553&ns=1&abbucket=4#detail,135.00,69人付款,刘慧思,https://store.taobao.com/shop/view_shop.htm?user_number_id=65314777,广东 广州
苏泊尔不粘锅家用火红点平底锅煎锅煎饼煎蛋牛排锅24/26/28厨房锅,https://detail.tmall.com/item.htm?id=591210831259&ns=1&abbucket=4,79.00,675人付款,苏泊尔汇田专卖店,https://store.taobao.com/shop/view_shop.htm?user_number_id=815034968,上海
煎鸡蛋汉堡机家用插电煎荷包蛋锅小型早餐蛋饺煎饼锅模具煎蛋神器,https://detail.tmall.com/item.htm?id=616102472622&ns=1&abbucket=4,128.00,205人付款,芬誉旗舰店,https://store.taobao.com/shop/view_shop.htm?user_number_id=2200780899512,福建 厦门
苏泊尔平底锅不粘锅家用小煎锅煎蛋烙千层饼牛排煎锅燃气灶通适用,https://item.taobao.com/item.htm?id=614430478686&ns=1&abbucket=4#detail,49.00,466人付款,徐嘉蔓66,https://store.taobao.com/shop/view_shop.htm?user_number_id=324401380,上海
特百惠 新款至尊精钢28CM平底煎锅 安全涂层 煎蛋煎饼不粘锅,https://item.taobao.com/item.htm?id=614671038273&ns=1&abbucket=4#detail,842.00,40人付款,tb24015991,https://store.taobao.com/shop/view_shop.htm?user_number_id=4053604973,山东 济南
Lodge美国进口铸铁迷你煎蛋不易粘锅煎锅烤盘小平底锅13cm-16cm,https://detail.tmall.com/item.htm?id=611073841607&ns=1&abbucket=4,110.00,311人付款,lodge海外旗舰店,https://store.taobao.com/shop/view_shop.htm?user_number_id=3082353230,山东 济宁
美的平底锅家用不粘锅煎蛋煎饼果子牛排煎锅小号电磁炉专用不沾锅,https://detail.tmall.com/item.htm?id=596237367777&ns=1&abbucket=4,59.00,185人付款,美的生活电器旗舰店,https://store.taobao.com/shop/view_shop.htm?user_number_id=2973966816,安徽 芜湖
小熊煎蛋器电煎蛋锅家用早餐神器鸡蛋模具小型插电全自动多功能,https://detail.tmall.com/item.htm?id=588469495319&ns=1&abbucket=4,79.00,10人付款,小熊厨房电器旗舰店,https://store.taobao.com/shop/view_shop.htm?user_number_id=175592270,广东 佛山
苏泊尔平底锅家用麦饭石色不粘锅牛排煎锅煎蛋烙饼电磁炉燃气专用,https://detail.tmall.com/item.htm?id=613954881922&ns=1&abbucket=4,169.00,370人付款,苏泊尔炊具旗舰店,https://store.taobao.com/shop/view_shop.htm?user_number_id=699994102,浙江 杭州
美的平底锅小不粘锅家用煎蛋神器牛排锅电磁炉专用燃气灶适用煎锅,https://detail.tmall.com/item.htm?id=571175841304&ns=1&abbucket=4,129.00,95人付款,美的炊具旗舰店,https://store.taobao.com/shop/view_shop.htm?user_number_id=2385614665,广东 佛山
炊大皇平底锅不粘锅煎锅家用煎蛋煎牛排锅电磁炉燃气灶通用锅具,https://detail.tmall.com/item.htm?id=548403687943&ns=1&abbucket=4,99.00,2人付款,苏宁易购官方旗舰店,https://store.taobao.com/shop/view_shop.htm?user_number_id=2616970884,江苏 南京
苏泊尔小馋喵系列平底锅不粘锅煎锅家用煎饼煎蛋电磁炉通用,https://detail.tmall.com/item.htm?id=605661981223&ns=1&abbucket=4,129.00,78人付款,苏泊尔炊具旗舰店,https://store.taobao.com/shop/view_shop.htm?user_number_id=699994102,浙江 杭州
【直营】26cm韩库进口平底锅煎锅家用不粘锅炒锅煎蛋牛排锅电磁炉,https://detail.tmall.com/item.htm?id=572323004119&ns=1&abbucket=4,189.00,34人付款,天猫国际进口超市国内现货,https://store.taobao.com/shop/view_shop.htm?user_number_id=2807304908,上海
酷易煎蛋模具不粘创意硅胶家用荷包鸡蛋磨爱心心形小熊几何形状,https://detail.tmall.com/item.htm?id=601505993939&ns=1&abbucket=4,39.90,72人付款,天猫国际进口超市国内现货,https://store.taobao.com/shop/view_shop.htm?user_number_id=2807304908,上海
小熊煎蛋器蛋卷机立式多功能早餐烤肠机鸡蛋杯煎蛋神器蛋包肠家用,https://detail.tmall.com/item.htm?id=538671970774&ns=1&abbucket=4,99.00,9人付款,小熊厨房电器旗舰店,https://store.taobao.com/shop/view_shop.htm?user_number_id=175592270,广东 广州
美的平底锅不粘锅小煎蛋饼牛排烙饼家用电磁炉专用燃气灶适用煎锅,https://detail.tmall.com/item.htm?id=596777529361&ns=1&abbucket=4,39.00,1154人付款,美的炊具旗舰店,https://store.taobao.com/shop/view_shop.htm?user_number_id=2385614665,广东 佛山
南极人平底锅不粘锅煎锅烙饼锅牛排小煎蛋煎饼锅电磁炉燃气灶适用,https://detail.tmall.com/item.htm?id=619080666394&ns=1&abbucket=4,199.00,5人付款,南极人居家日用旗舰店,https://store.taobao.com/shop/view_shop.htm?user_number_id=2880071045,上海
小熊煎锅玉子烧煎蛋神器家用迷你早餐平底锅不粘锅插电厚蛋烧宿舍,https://detail.tmall.com/item.htm?id=615843519050&ns=1&abbucket=4,119.00,513人付款,小熊永维专卖店,https://store.taobao.com/shop/view_shop.htm?user_number_id=2693053539,上海
爱仕达平底锅不粘锅家用小煎锅煎烙饼煎蛋牛排电磁炉燃气灶通适用,https://item.taobao.com/item.htm?id=617723410942&ns=1&abbucket=4#detail,34.00,401人付款,爱仕达特卖店,https://store.taobao.com/shop/view_shop.htm?user_number_id=2946913605,浙江 杭州
美的麦饭石平底锅小不粘家用煎蛋烙饼锅电磁炉专用燃气灶适用煎锅,https://detail.tmall.com/item.htm?id=597646009370&ns=1&abbucket=4,59.00,23人付款,美的精品电器旗舰店,https://store.taobao.com/shop/view_shop.htm?user_number_id=2979107860,安徽 芜湖
煎锅千层饼蛋糕皮平底锅麦饭石烙饼煎饼煎蛋班戟锅专用不粘6 8寸,https://detail.tmall.com/item.htm?id=605482938293&ns=1&abbucket=4,29.00,3057人付款,yokaco旗舰店,https://store.taobao.com/shop/view_shop.htm?user_number_id=2206477244168,浙江 宁波
德国316不锈钢平底锅不粘锅煎锅无涂层无油烟煎蛋牛排锅家用通用,https://item.taobao.com/item.htm?id=609725993186&ns=1&abbucket=4#detail,119.00,458人付款,致诚不锈钢,https://store.taobao.com/shop/view_shop.htm?user_number_id=2516871636,广东 潮州
爱仕达不粘锅炒锅家用烙饼牛排煎锅煎蛋燃气灶适用珐琅加深平底锅,https://detail.tmall.com/item.htm?id=601096136176&ns=1&abbucket=4,159.00,234人付款,爱仕达美的新世纪专卖店,https://store.taobao.com/shop/view_shop.htm?user_number_id=3462683972,山东 青岛
欧汇插电煎鸡蛋器蛋饺锅鸡蛋汉堡机荷包蛋小型早餐煎蛋神器全自动,https://detail.tmall.com/item.htm?id=597654194188&ns=1&abbucket=4,99.00,308人付款,欧汇旗舰店,https://store.taobao.com/shop/view_shop.htm?user_number_id=2978642515,上海
美的麦饭石平底锅小不粘家用煎蛋烙饼锅电磁炉专用燃气灶适用煎锅,https://detail.tmall.com/item.htm?id=598018083282&ns=1&abbucket=4,49.00,6人付款,美的佛山专卖店,https://store.taobao.com/shop/view_shop.htm?user_number_id=3564588070,广东 佛山
德国De Bohren平底锅304不锈钢不粘锅家用煎饼煎蛋牛排锅燃气适用,https://detail.tmall.com/item.htm?id=550449323409&ns=1&abbucket=4,448.00,24人付款,debohren旗舰店,https://store.taobao.com/shop/view_shop.htm?user_number_id=2979868116,广东 广州
Neoflam陶瓷不粘平底锅不粘锅牛排煎锅烙饼煎蛋少油烟电磁炉通用,https://detail.tmall.com/item.htm?id=547456962598&ns=1&abbucket=4,99.00,290人付款,neoflam旗舰店,https://store.taobao.com/shop/view_shop.htm?user_number_id=3065535533,上海
煮蛋器小型煎蛋器插电迷你电煎蛋锅家用蒸蛋器自动断电早餐机神器,https://detail.tmall.com/item.htm?id=568036928500&ns=1&abbucket=4,39.00,331人付款,星箭电器旗舰店,https://store.taobao.com/shop/view_shop.htm?user_number_id=2990780063,浙江 金华
九阳平底锅不粘锅煎锅家用小煎饼煎蛋烙饼牛排电磁炉燃气灶通适用,https://detail.tmall.com/item.htm?id=551198163187&ns=1&abbucket=4,59.00,126人付款,九阳厨具旗舰店,https://store.taobao.com/shop/view_shop.htm?user_number_id=3284480025,安徽 合肥
PN枫年 韩国原装进口家用麦饭石小煎锅牛排煎蛋饼平底不粘锅燃气,https://detail.tmall.com/item.htm?id=613128856235&ns=1&abbucket=4,258.00,61人付款,枫年窝瓜大叔专卖店,https://store.taobao.com/shop/view_shop.htm?user_number_id=2206962531618,山东 威海
美的平底锅不粘锅电磁燃气通用煎锅烙饼锅煎饼果子小牛排煎锅煎蛋,https://detail.tmall.com/item.htm?id=595062866384&ns=1&abbucket=4,59.00,14人付款,美的精品电器旗舰店,https://store.taobao.com/shop/view_shop.htm?user_number_id=2979107860,广东 佛山
Carote平底锅不粘锅煎锅烙饼锅家用煎蛋神器牛排燃气灶电磁炉通用,https://detail.tmall.com/item.htm?id=600608530063&ns=1&abbucket=4,119.00,698人付款,carote旗舰店,https://store.taobao.com/shop/view_shop.htm?user_number_id=3043550854,浙江 金华
迷你小煎锅煎蛋不粘锅麦饭石平底锅牛排千层饼家用小号电磁炉适用,https://item.taobao.com/item.htm?id=608606357537&ns=1&abbucket=4#detail,39.90,470人付款,wl1314ll,https://store.taobao.com/shop/view_shop.htm?user_number_id=75364548,浙江 宁波
蒸蛋器煮蛋器家用迷你小型插电煎锅多功能电煮锅煎蛋神器1人早餐,https://detail.tmall.com/item.htm?id=45228529723&ns=1&abbucket=4,49.90,317人付款,坚好旗舰店,https://store.taobao.com/shop/view_shop.htm?user_number_id=1934727579,广东 中山
插电麦饭石平底锅不粘煎煎锅早餐家用小煎饼煎蛋烙饼牛排专用神器,https://detail.tmall.com/item.htm?id=619156529115&ns=1&abbucket=4,99.00,70人付款,奥然旗舰店,https://store.taobao.com/shop/view_shop.htm?user_number_id=2259039943,浙江 金华
鸡蛋卷机蛋包肠机煮蛋蒸蛋煎蛋器蛋肠机家用早餐卷蛋机鸡蛋杯小吃,https://item.taobao.com/item.htm?id=589502037410&ns=1&abbucket=4#detail,218.00,31人付款,开宝马去接女友,https://store.taobao.com/shop/view_shop.htm?user_number_id=2203718680,广东 广州
宜家IKEA365+煎锅牛排锅平底锅不粘锅抖音煎蛋同款28cm24cm电磁炉,https://item.taobao.com/item.htm?id=547103560448&ns=1&abbucket=4#detail,149.00,93人付款,最美的回忆bao,https://store.taobao.com/shop/view_shop.htm?user_number_id=176590085,江苏 南京
小熊煎蛋器蒸蛋器煮蛋机鸡蛋小型插电煎锅全自动断电家用早餐神器,https://item.taobao.com/item.htm?id=545060967159&ns=1&abbucket=4#detail,199.00,0人付款,小熊直营店,https://store.taobao.com/shop/view_shop.htm?user_number_id=292487094,广东 广州
加深平底锅不粘锅煎蛋小煎锅麦饭石家用炒菜锅电磁炉燃气灶适用,https://item.taobao.com/item.htm?id=567886414542&ns=1&abbucket=4#detail,45.00,1190人付款,wl1314ll,https://store.taobao.com/shop/view_shop.htm?user_number_id=75364548,浙江 宁波
煎蛋器电煎蛋锅宿舍迷你不粘锅煎蛋神器小锅插电型早餐机自动断电,https://item.taobao.com/item.htm?id=533831379681&ns=1&abbucket=4#detail,25.80,1378人付款,yiledaojh,https://store.taobao.com/shop/view_shop.htm?user_number_id=773166332,广东 潮州
炊大皇平底锅不粘锅煎锅烙饼锅煎蛋牛排少油烟家用电磁燃气灶通用,https://detail.tmall.com/item.htm?id=610984567770&ns=1&abbucket=4,129.90,339人付款,炊大皇官方旗舰店,https://store.taobao.com/shop/view_shop.htm?user_number_id=735011836,浙江 金华
韩国麦饭石迷你煎蛋锅两孔平底锅不粘锅早餐锅煎饺锅鸡蛋汉堡模具,https://item.taobao.com/item.htm?id=588480537733&ns=1&abbucket=4#detail,116.00,106人付款,sunsmile_e,https://store.taobao.com/shop/view_shop.htm?user_number_id=86905612,山东 青岛
玉子烧锅麦饭石方形鸡蛋卷早餐日式平底锅不粘锅煎蛋厚蛋烧小煎锅,https://detail.tmall.com/item.htm?id=605223531344&ns=1&abbucket=4,39.00,1147人付款,yokaco旗舰店,https://store.taobao.com/shop/view_shop.htm?user_number_id=2206477244168,浙江 宁波
小熊煎蛋器煮蛋器蒸蛋器迷你插电鸡蛋全自动断电早餐机小煎锅神器,https://detail.tmall.com/item.htm?id=41320684826&ns=1&abbucket=4,69.00,723人付款,小熊米淘专卖店,https://store.taobao.com/shop/view_shop.htm?user_number_id=2223303486,广东 广州
Carote麦饭石早餐锅三合一多功能料理平底煎锅不粘锅煎蛋电磁炉锅,https://detail.tmall.com/item.htm?id=560523842102&ns=1&abbucket=4,99.00,541人付款,carote旗舰店,https://store.taobao.com/shop/view_shop.htm?user_number_id=3043550854,浙江 金华
平底锅不粘锅班戟锅千层蛋糕皮专用锅牛排煎锅小煎蛋煎饼锅麦饭石,https://detail.tmall.com/item.htm?id=617382642388&ns=1&abbucket=4,19.90,620人付款,水自在旗舰店,https://store.taobao.com/shop/view_shop.htm?user_number_id=2456682950,浙江 金华
捷克tescoam石面不粘锅平底锅煎锅 牛排煎蛋煎饼锅 燃气灶适用,https://detail.tmall.com/item.htm?id=555616672975&ns=1&abbucket=4,498.00,125人付款,tescoma旗舰店,https://store.taobao.com/shop/view_shop.htm?user_number_id=3293537192,广东 广州
LaCena韩国早餐麦饭石煎蛋锅电磁炉平底不粘锅迷你蛋饺锅煎蛋神器,https://detail.tmall.com/item.htm?id=585781212254&ns=1&abbucket=4,104.05,86人付款,佳邺达家居专营店,https://store.taobao.com/shop/view_shop.htm?user_number_id=1732576389,山东 青岛
小熊煎蛋器煮蛋蒸蛋器家用迷你小煎锅自动断电早餐机插电煎蛋神器,https://detail.tmall.com/item.htm?id=549017181432&ns=1&abbucket=4,69.00,135人付款,小熊两只老虎专卖店,https://store.taobao.com/shop/view_shop.htm?user_number_id=3251509118,广东 广州
onlycook麦饭石牛排煎锅少烟不粘煎牛排专用煎蛋条纹平底锅电磁炉,https://detail.tmall.com/item.htm?id=569099331693&ns=1&abbucket=4,99.00,91人付款,onlycook旗舰店,https://store.taobao.com/shop/view_shop.htm?user_number_id=1852297523,浙江 宁波
特百惠 新款至尊精钢28CM平底煎锅 安全涂层 煎蛋煎饼不粘锅 正品,https://item.taobao.com/item.htm?id=590800063271&ns=1&abbucket=4#detail,838.78,13人付款,damoguyanjn,https://store.taobao.com/shop/view_shop.htm?user_number_id=705106172,山东 济南
304不锈钢做肉饼模具创意家用手工DIY神器饭团汉堡煎蛋厨房小工具,https://detail.tmall.com/item.htm?id=559887215903&ns=1&abbucket=4,28.00,615人付款,合庆旗舰店,https://store.taobao.com/shop/view_shop.htm?user_number_id=1031754631,广东 佛山
煎蛋锅不粘神器家用早餐平底锅小煎蛋四孔蛋饺荷包蛋鸡蛋迷你煎锅,https://detail.tmall.com/item.htm?id=611445997708&ns=1&abbucket=4,29.90,712人付款,百润旗舰店,https://store.taobao.com/shop/view_shop.htm?user_number_id=840194472,浙江 金华
平底锅304不粘锅煎锅不锈钢家用烙饼煎蛋牛排电磁炉燃气灶通用,https://detail.tmall.com/item.htm?id=587926445419&ns=1&abbucket=4,109.00,126人付款,teatime旗舰店,https://store.taobao.com/shop/view_shop.htm?user_number_id=2247225293,浙江 杭州
小熊煮蛋器家用不锈钢双层蒸蛋器早餐机自动断电煎蛋器预约定时,https://detail.tmall.com/item.htm?id=567463364586&ns=1&abbucket=4,199.00,48人付款,小熊妙想专卖店,https://store.taobao.com/shop/view_shop.htm?user_number_id=3311248475,广东 佛山
【抗菌】三禾国色添香平底锅不粘锅煎锅煎牛排煎蛋燃气电磁炉通用,https://detail.tmall.com/item.htm?id=616809726388&ns=1&abbucket=4,399.00,133人付款,sanho三禾旗舰店,https://store.taobao.com/shop/view_shop.htm?user_number_id=1707314453,浙江 宁波
煎鸡蛋锅蛋饺神器煎蛋荷包蛋模具小迷你平底锅早餐四格孔不粘家用,https://detail.tmall.com/item.htm?id=600050717776&ns=1&abbucket=4,19.90,2111人付款,景记旗舰店,https://store.taobao.com/shop/view_shop.htm?user_number_id=3066160278,上海
德国博浪加厚304不锈钢煎蛋器模型神器鸡蛋创意爱心便当不粘模具,https://detail.tmall.com/item.htm?id=558152334407&ns=1&abbucket=4,22.80,509人付款,博浪旗舰店,https://store.taobao.com/shop/view_shop.htm?user_number_id=2186435699,浙江 宁波
爱仕达麦饭石平底锅不粘锅牛排煎锅早餐煎蛋烙饼锅家用电磁炉通用,https://detail.tmall.com/item.htm?id=580742467583&ns=1&abbucket=4,69.00,1001人付款,爱仕达厨具旗舰店,https://store.taobao.com/shop/view_shop.htm?user_number_id=109723052,湖北 孝感
德国WMF平底锅不粘锅煎锅小家用麦饭石牛排煎蛋千层烙饼锅电磁炉,https://detail.tmall.com/item.htm?id=616483164512&ns=1&abbucket=4,299.00,152人付款,wmf轩赟专卖店,https://store.taobao.com/shop/view_shop.htm?user_number_id=2207967995013,上海
HAPPYCALL韩国进口钻石牛排煎锅煎蛋不粘平底锅家用28cm灶具通用,https://detail.tmall.com/item.htm?id=602144602023&ns=1&abbucket=4,319.00,50人付款,天猫国际进口超市国内现货,https://store.taobao.com/shop/view_shop.htm?user_number_id=2807304908,上海
苏泊尔不粘锅平底锅煎锅炒锅煎牛排专用锅煎蛋煎饼锅电磁炉灶家用,https://detail.tmall.com/item.htm?id=606686410276&ns=1&abbucket=4,159.00,7人付款,苏泊尔炊具旗舰店,https://store.taobao.com/shop/view_shop.htm?user_number_id=699994102,浙江 杭州
美的平底锅不粘锅迷你煎蛋神器饼家用电磁炉专用燃气灶适用早餐锅,https://detail.tmall.com/item.htm?id=609652561263&ns=1&abbucket=4,59.00,71人付款,美的炊具旗舰店,https://store.taobao.com/shop/view_shop.htm?user_number_id=2385614665,广东 广州
HAPPYCALL韩国进口钛家用平底不粘煎锅燃气电磁炉通用煎蛋28cm,https://detail.tmall.com/item.htm?id=602337047722&ns=1&abbucket=4,449.00,2人付款,天猫国际进口超市国内现货,https://store.taobao.com/shop/view_shop.htm?user_number_id=2807304908,上海
304不锈钢煎蛋模具神器煎鸡蛋模型煎蛋器爱心形荷包蛋饭团磨具套,https://detail.tmall.com/item.htm?id=590760771415&ns=1&abbucket=4,6.90,1733人付款,梦创旗舰店,https://store.taobao.com/shop/view_shop.htm?user_number_id=2913857998,上海
Carote麦饭石不粘平底锅煎蛋煎鱼煎牛排锅无油烟燃气灶电磁炉通用,https://detail.tmall.com/item.htm?id=606676618096&ns=1&abbucket=4,69.00,551人付款,carote旗舰店,https://store.taobao.com/shop/view_shop.htm?user_number_id=3043550854,浙江 金华
平底锅不粘锅煎锅烙饼煎饼煎蛋不锈钢无涂层电磁炉专用燃气灶适用,https://detail.tmall.com/item.htm?id=610965126686&ns=1&abbucket=4,203.00,176人付款,齐能电器旗舰店,https://store.taobao.com/shop/view_shop.htm?user_number_id=2201167776696,山东 淄博
煎鸡蛋汉堡机家用插电煎荷包蛋锅小型早餐蛋饺煎饼锅模具煎蛋神器,https://detail.tmall.com/item.htm?id=616102472622&ns=1&abbucket=4,128.00,205人付款,芬誉旗舰店,https://store.taobao.com/shop/view_shop.htm?user_number_id=2200780899512,福建 厦门
日式玉子烧方形迷你不粘锅厚蛋烧麦饭石小煎锅煎蛋家用平底早餐锅,https://detail.tmall.com/item.htm?id=615851014345&ns=1&abbucket=4,19.90,2199人付款,欧兰泽旗舰店,https://store.taobao.com/shop/view_shop.htm?user_number_id=2206395751922,浙江 金华
水荷包蛋煮荷包蛋神器爱心形鸡蛋模具水波蛋船煎饼煮蛋煎蛋器磨具,https://detail.tmall.com/item.htm?id=609088555158&ns=1&abbucket=4,14.90,2446人付款,曼迪凯旗舰店,https://store.taobao.com/shop/view_shop.htm?user_number_id=2933994758,广东 广州
316不锈钢煎蛋模具神器煎蛋器模型荷包蛋爱心形煎鸡蛋磨具饭团diy,https://detail.tmall.com/item.htm?id=601985500868&ns=1&abbucket=4,8.90,2639人付款,景记旗舰店,https://store.taobao.com/shop/view_shop.htm?user_number_id=3066160278,上海
麦饭石煎锅不沾平底锅煎蛋不粘锅千层烙饼锅电磁炉燃气灶适用专用,https://item.taobao.com/item.htm?id=542392223967&ns=1&abbucket=4#detail,39.90,1287人付款,wl1314ll,https://store.taobao.com/shop/view_shop.htm?user_number_id=75364548,浙江 宁波
HAPPYCALL韩国进口钻石牛排煎锅烙饼煎蛋不粘平底锅家用电磁炉28c,https://detail.tmall.com/item.htm?id=526989899169&ns=1&abbucket=4,279.00,153人付款,happycall家居旗舰店,https://store.taobao.com/shop/view_shop.htm?user_number_id=2449399067,浙江 杭州
平底锅不粘锅煎锅玉子烧煎饼牛排早餐专用锅小号煎蛋神器家用炸锅,https://detail.tmall.com/item.htm?id=568742730581&ns=1&abbucket=4,98.00,511人付款,川岛屋旗舰店,https://store.taobao.com/shop/view_shop.htm?user_number_id=1850033064,浙江 杭州
小猪帮厨早餐机蛋包肠机家用蛋肠机鸡蛋杯蛋卷机蒸煮蛋器煎蛋神器,https://detail.tmall.com/item.htm?id=594591196580&ns=1&abbucket=4,49.80,188人付款,小猪帮厨旗舰店,https://store.taobao.com/shop/view_shop.htm?user_number_id=2201294715748,广东 潮州
麦饭石四孔煎蛋锅平底不粘蛋饺锅家用鸡蛋汉堡煎蛋神器圆形心形熊,https://detail.tmall.com/item.htm?id=615388920061&ns=1&abbucket=4,19.90,2308人付款,欧兰泽旗舰店,https://store.taobao.com/shop/view_shop.htm?user_number_id=2206395751922,浙江 金华
蛋肠机七孔电热款燃气款蛋包肠机商用鸡蛋包香肠机器蛋卷机煎蛋器,https://item.taobao.com/item.htm?id=589103619050&ns=1&abbucket=4#detail,283.00,78人付款,奇特宝宝店,https://store.taobao.com/shop/view_shop.htm?user_number_id=92999435,河南 郑州
炊大皇多功能早餐煎锅煎饼煎蛋不粘少油烟煎盘平底锅煎锅通用,https://detail.tmall.com/item.htm?id=613476009376&ns=1&abbucket=4,79.90,29人付款,炊大皇官方旗舰店,https://store.taobao.com/shop/view_shop.htm?user_number_id=735011836,浙江 金华
欧汇日本式玉子烧煎锅早餐小型全自动早餐电煎蛋神器模型插电不粘,https://detail.tmall.com/item.htm?id=607328023482&ns=1&abbucket=4,99.00,26人付款,欧汇电器旗舰店,https://store.taobao.com/shop/view_shop.htm?user_number_id=2206741222183,上海
小熊煎蛋器蒸蛋器煮蛋器家用迷你插电小煎锅自动断电鸡蛋早餐神器,https://detail.tmall.com/item.htm?id=612484694321&ns=1&abbucket=4,79.00,199人付款,小熊电器官方旗舰店,https://store.taobao.com/shop/view_shop.htm?user_number_id=2242000680,广东 东莞
kunzhan 不粘锅煎蛋器迷你创意荷包蛋模型家用煎鸡蛋模具神器创意,https://detail.tmall.com/item.htm?id=557303458652&ns=1&abbucket=4,18.00,670人付款,kunzhan旗舰店,https://store.taobao.com/shop/view_shop.htm?user_number_id=2989443209,广东 深圳
小熊煎蛋器煮蛋器蒸蛋器迷你插电鸡蛋全自动断电早餐机小煎锅神器,https://detail.tmall.com/item.htm?id=618237337001&ns=1&abbucket=4,79.00,230人付款,小熊曼琦专卖店,https://store.taobao.com/shop/view_shop.htm?user_number_id=2134899193,上海
双立人平底锅煎饼烙饼小牛排煎锅家用电磁炉燃气灶煎蛋锅具早餐锅,https://detail.tmall.com/item.htm?id=612948281596&ns=1&abbucket=4,299.00,5人付款,美味谷旗舰店,https://store.taobao.com/shop/view_shop.htm?user_number_id=2872938504,北京
鸡蛋汉堡机多孔不粘锅小平底锅家用早餐煎饼锅煎蛋神器蛋饺锅模具,https://item.taobao.com/item.htm?id=617552221139&ns=1&abbucket=4#detail,69.00,24人付款,占丽君00,https://store.taobao.com/shop/view_shop.htm?user_number_id=2300709964,浙江 金华
小不粘锅煎蛋迷你平底锅无油烟铸铁锅烙饼电磁炉小炒锅燃气炉通用,https://item.taobao.com/item.htm?id=539859887428&ns=1&abbucket=4#detail,9.90,3423人付款,宇通chuju,https://store.taobao.com/shop/view_shop.htm?user_number_id=2977919587,广东 潮州
北陆日本制造原装进口麦饭石平底锅家用煎蛋牛排煎锅无油烟不粘锅,https://detail.tmall.com/item.htm?id=610542850975&ns=1&abbucket=4,559.00,47人付款,hokurikualumi旗舰店,https://store.taobao.com/shop/view_shop.htm?user_number_id=2206951204097,江苏 宿迁
爱仕达平底锅不粘锅家用煎蛋烙饼牛排锅具电磁炉燃气灶通适用煎锅,https://detail.tmall.com/item.htm?id=598567950983&ns=1&abbucket=4,39.00,390人付款,爱仕达旭美专卖店,https://store.taobao.com/shop/view_shop.htm?user_number_id=4049057390,浙江 杭州
小熊蒸蛋器自动断电家用煮蛋器多功能小型煎蛋煮鸡蛋神器蒸蛋羹机,https://detail.tmall.com/item.htm?id=602005200181&ns=1&abbucket=4,139.00,22人付款,小熊立雷专卖店,https://store.taobao.com/shop/view_shop.htm?user_number_id=1975573326,广东 广州
韩国didinika麦饭石平底锅不粘锅迪迪尼卡牛排煎锅煎蛋多功能家用,https://detail.tmall.com/item.htm?id=580701262370&ns=1&abbucket=4,148.00,228人付款,didinika居家日用旗舰店,https://store.taobao.com/shop/view_shop.htm?user_number_id=4185294017,山东 日照
不锈钢煎蛋模具 厨房diy煎蛋器爱心煎鸡蛋荷包蛋模型煎蛋煎饼神器,https://item.taobao.com/item.htm?id=548844324431&ns=1&abbucket=4#detail,3.50,3150人付款,伍德印品,https://store.taobao.com/shop/view_shop.htm?user_number_id=697336601,安徽 合肥
麦饭石不粘煎蛋锅商用燃气煎蛋饺神器电磁炉适用心形荷包蛋煎锅小,https://detail.tmall.com/item.htm?id=611355633212&ns=1&abbucket=4,79.92,15人付款,升陶旗舰店,https://store.taobao.com/shop/view_shop.htm?user_number_id=2206539258371,浙江 宁波
Carote不粘锅平底锅煎锅烙饼锅煎鱼不粘煎蛋电磁炉燃气灶锅日式锅,https://detail.tmall.com/item.htm?id=616660866946&ns=1&abbucket=4,119.00,6人付款,卡罗特永康专卖店,https://store.taobao.com/shop/view_shop.htm?user_number_id=2200695816258,浙江 金华
赛普瑞斯早餐锅煎蛋神器平底锅不粘锅小牛排煎锅烙饼锅多功能家用,https://detail.tmall.com/item.htm?id=592757448048&ns=1&abbucket=4,168.00,66人付款,赛普瑞斯旗舰店,https://store.taobao.com/shop/view_shop.htm?user_number_id=1047573027,浙江 金华
小南瓜鸡蛋杯蛋卷机蛋肠机家用早餐机神器蛋包肠机商用自动煎蛋器,https://detail.tmall.com/item.htm?id=599059567475&ns=1&abbucket=4,89.00,155人付款,小南瓜米云专卖店,https://store.taobao.com/shop/view_shop.htm?user_number_id=4275636454,广东 佛山
德国康巴赫平底锅不粘锅煎锅家用煎蛋牛排烙饼麦饭石电磁炉燃气26,https://detail.tmall.com/item.htm?id=595971867271&ns=1&abbucket=4,269.00,26人付款,kbh康巴赫佰斯凯光专卖店,https://store.taobao.com/shop/view_shop.htm?user_number_id=2200636040103,浙江 金华
出口尾单 加厚平底不粘锅 不沾煎锅 煎蛋煎饼牛排锅 20/24/28cm,https://item.taobao.com/item.htm?id=614796262502&ns=1&abbucket=4#detail,98.00,7人付款,chxu1983,https://store.taobao.com/shop/view_shop.htm?user_number_id=433112366,浙江 台州
Carote平底锅不粘锅煎锅烙饼锅家用煎蛋神器牛排燃气灶电磁炉通用,https://detail.tmall.com/item.htm?id=600608530063&ns=1&abbucket=4,119.00,698人付款,carote旗舰店,https://store.taobao.com/shop/view_shop.htm?user_number_id=3043550854,浙江 金华
佳馔宝熟铁煎蛋锅模具不粘锅早餐煎蛋神器荷包蛋锅蛋饺锅电磁炉,https://item.taobao.com/item.htm?id=43378452556&ns=1&abbucket=4#detail,109.00,134人付款,铁健康锅具,https://store.taobao.com/shop/view_shop.htm?user_number_id=1881542891,广东 珠海
家用煎蛋平底锅蛋饺锅荷包蛋煎锅不粘煎蛋神器鸡蛋汉堡机煎蛋模具,https://item.taobao.com/item.htm?id=577002089442&ns=1&abbucket=4#detail,78.00,41人付款,jvzijvzi520,https://store.taobao.com/shop/view_shop.htm?user_number_id=2121631359,广东 珠海
304不锈钢平底不粘锅家用煎蛋牛排烙饼煎锅电磁炉专用燃气灶适用,https://detail.tmall.com/item.htm?id=593216153772&ns=1&abbucket=4,129.00,123人付款,御美达旗舰店,https://store.taobao.com/shop/view_shop.htm?user_number_id=2175023113,浙江 金华
铁工房铸铁平底锅煎锅小无涂层不粘锅家用迷你千层烙饼煎蛋煎饼锅,https://detail.tmall.com/item.htm?id=571212766267&ns=1&abbucket=4,108.00,347人付款,铁工房旗舰店,https://store.taobao.com/shop/view_shop.htm?user_number_id=2115474719,河北 石家庄
灿翔煎蛋器蒸蛋器煮蛋机鸡蛋小型插电煎锅全自动断电家用早餐神器,https://detail.tmall.com/item.htm?id=601554577055&ns=1&abbucket=4,49.90,131人付款,灿翔电器旗舰店,https://store.taobao.com/shop/view_shop.htm?user_number_id=2206464960841,广东 潮州
煎蛋神器鸡蛋汉堡机煎蛋器煎蛋锅煎蛋盘蛋饺早餐荷包蛋全自动模具,https://item.taobao.com/item.htm?id=608926412409&ns=1&abbucket=4#detail,75.00,90人付款,xingsun2013,https://store.taobao.com/shop/view_shop.htm?user_number_id=1837225613,福建 厦门
煎鸡蛋汉堡机多孔不粘小平底家用牛排煎锅早餐煎饼锅模具煎蛋神器,https://detail.tmall.com/item.htm?id=618504473413&ns=1&abbucket=4,59.00,165人付款,德品家居专营店,https://store.taobao.com/shop/view_shop.htm?user_number_id=2450454097,浙江 杭州
韩国进口麦饭石不粘锅大平底煎锅煎蛋牛排烙饼煎饺家用燃气明火32,https://item.taobao.com/item.htm?id=524671993057&ns=1&abbucket=4#detail,107.64,21人付款,韩厨名品,https://store.taobao.com/shop/view_shop.htm?user_number_id=1678762503,山东 烟台
bat牛排煎锅麦饭石早餐锅多功能不粘锅多格专用煎蛋煎饼锅平底锅,https://detail.tmall.com/item.htm?id=589654577798&ns=1&abbucket=4,178.00,36人付款,bat旗舰店,https://store.taobao.com/shop/view_shop.htm?user_number_id=4179962695,浙江 金华
小熊煎蛋器煮蛋蒸蛋器家用迷你小自动断电煎锅早餐机不粘鸡蛋神器,https://detail.tmall.com/item.htm?id=588171745568&ns=1&abbucket=4,79.00,13人付款,库巴电器专营店,https://store.taobao.com/shop/view_shop.htm?user_number_id=735994334,广东 广州
欧乐多煎蛋模具316不锈钢18/10爱心鸡蛋模具荷包蛋心形煎蛋器模型,https://detail.tmall.com/item.htm?id=585048483552&ns=1&abbucket=4,21.80,247人付款,欧乐多旗舰店,https://store.taobao.com/shop/view_shop.htm?user_number_id=2922849100,广东 广州
安家乐煎蛋蒸蛋器小型1人煮蛋器早餐神器煮泡面多功能家用煎鸡蛋,https://detail.tmall.com/item.htm?id=570984884948&ns=1&abbucket=4,49.98,88人付款,国莱电器专营店,https://store.taobao.com/shop/view_shop.htm?user_number_id=1894777656,广东 中山
小南瓜蛋包肠机早餐机家用全自动鸡蛋杯蛋卷机蒸蛋煮蛋器煎蛋神器,https://detail.tmall.com/item.htm?id=588748940239&ns=1&abbucket=4,69.90,6人付款,小南瓜广东专卖店,https://store.taobao.com/shop/view_shop.htm?user_number_id=2200733261582,广东 中山
小熊煮蛋器双层不锈钢定时蒸蛋羹器小型迷你煎蛋器煮蛋机早餐神器,https://detail.tmall.com/item.htm?id=567719303780&ns=1&abbucket=4,199.00,47人付款,创达电器专营店,https://store.taobao.com/shop/view_shop.htm?user_number_id=655767194,上海
查蒙蒂纳宝宝辅食平底锅炒菜锅婴儿不粘锅牛排煎饼锅煎蛋迷你煎锅,https://detail.tmall.com/item.htm?id=591775265702&ns=1&abbucket=4,269.00,114人付款,查蒙蒂纳家居旗舰店,https://store.taobao.com/shop/view_shop.htm?user_number_id=3840870341,浙江 杭州
【香喷可口】日本进口Bawloo面包机三明治机烤面包煎蛋早餐锅便携,https://item.taobao.com/item.htm?id=590408482794&ns=1&abbucket=4#detail,312.12,58人付款,五页书,https://store.taobao.com/shop/view_shop.htm?user_number_id=2650593406,浙江 杭州
不沾平底锅家用不粘锅牛排煎锅煎蛋烙饼锅多功能电磁炉燃气灶适用,https://detail.tmall.com/item.htm?id=551651179912&ns=1&abbucket=4,219.00,88人付款,赛普瑞斯旗舰店,https://store.taobao.com/shop/view_shop.htm?user_number_id=1047573027,浙江 金华
小熊煎蛋器蒸蛋器煮蛋器家用迷你插电煎锅全自动断电鸡蛋早餐神器,https://detail.tmall.com/item.htm?id=615054240404&ns=1&abbucket=4,79.00,11人付款,小熊永维专卖店,https://store.taobao.com/shop/view_shop.htm?user_number_id=2693053539,上海
【小关老师力荐】德国WMF平底不粘煎锅家用不沾牛扒牛排煎蛋烙饼,https://detail.tmall.com/item.htm?id=582111818788&ns=1&abbucket=4,319.00,1805人付款,wmf至梵专卖店,https://store.taobao.com/shop/view_shop.htm?user_number_id=4254808865,上海
卡罗特麦饭石不粘牛排煎锅无油烟平底双耳煎蛋牛排石锅鱼烙饼火锅,https://detail.tmall.com/item.htm?id=542491901125&ns=1&abbucket=4,149.00,148人付款,carote旗舰店,https://store.taobao.com/shop/view_shop.htm?user_number_id=3043550854,浙江 金华
煎蛋神器全自动早餐机家用煎蛋机插电鸡蛋汉堡机商用荷包蛋小型锅,https://item.taobao.com/item.htm?id=605756464198&ns=1&abbucket=4#detail,128.00,217人付款,麦兜铃儿响叮当,https://store.taobao.com/shop/view_shop.htm?user_number_id=1864824531,福建 厦门
小熊煎蛋器煮蛋器蒸蛋器 电煎蛋锅迷你煎锅多功能早餐机煎蛋机,https://detail.tmall.com/item.htm?id=554587679783&ns=1&abbucket=4,69.00,90人付款,小熊荆天专卖店,https://store.taobao.com/shop/view_shop.htm?user_number_id=3165451789,湖南 湘潭
平底锅不粘锅麦饭石烙饼牛排煎蛋早餐锅燃气灶适用电磁炉专用煎锅,https://detail.tmall.com/item.htm?id=605997765505&ns=1&abbucket=4,139.00,58人付款,tronyoo长友旗舰店,https://store.taobao.com/shop/view_shop.htm?user_number_id=4151113590,浙江 金华
铸铁煎蛋锅鸡蛋汉堡机专用煎锅煎蛋模具汉堡锅家用不粘锅早餐神器,https://detail.tmall.com/item.htm?id=601467283299&ns=1&abbucket=4,39.00,335人付款,巧阁餐具旗舰店,https://store.taobao.com/shop/view_shop.htm?user_number_id=2980437631,河北 邢台
小熊多功能早餐机煮蛋器电热锅电煮锅火锅煎蛋预约定时ZDQ-B12G1,https://detail.tmall.com/item.htm?id=609872444867&ns=1&abbucket=4,219.00,27人付款,创达电器专营店,https://store.taobao.com/shop/view_shop.htm?user_number_id=655767194,广东 佛山
英国酷易 煎蛋模具不粘创意硅胶家用荷包煎鸡蛋磨爱心煎蛋器模型,https://detail.tmall.com/item.htm?id=574127595262&ns=1&abbucket=4,36.00,447人付款,coolyep酷易旗舰店,https://store.taobao.com/shop/view_shop.htm?user_number_id=2059302453,广东 广州
华邦煎锅铸铁平底煎锅牛排煎锅煎饼锅煎盘煎蛋生铁老式无涂层煎锅,https://detail.tmall.com/item.htm?id=40212160674&ns=1&abbucket=4,68.00,130人付款,华邦家居旗舰店,https://store.taobao.com/shop/view_shop.htm?user_number_id=2081279582,河南 平顶山
Amercook麦饭石平底锅不粘锅煎锅牛排锅煎蛋小电磁炉燃气灶通用,https://detail.tmall.com/item.htm?id=589469709453&ns=1&abbucket=4,268.00,16人付款,amercook旗舰店,https://store.taobao.com/shop/view_shop.htm?user_number_id=3877947059,浙江 杭州
迷你电煎锅宿舍小电炒锅煮蛋学生蒸蛋器多功能煎蛋神器煮面不沾锅,https://item.taobao.com/item.htm?id=575619434688&ns=1&abbucket=4#detail,45.90,41人付款,家妃猫_hjpah,https://store.taobao.com/shop/view_shop.htm?user_number_id=2780233663,广东 汕头
铸味18CM铸铁锅家用平底锅迷你小煎锅早餐煎蛋煎牛排专用锅多功能,https://detail.tmall.com/item.htm?id=579128722133&ns=1&abbucket=4,99.00,55人付款,铸味旗舰店,https://store.taobao.com/shop/view_shop.htm?user_number_id=1656962076,广东 佛山
新思特匠心麦饭石不粘锅平底锅家用多功能牛排煎锅煎饼煎蛋烙饼锅,https://detail.tmall.com/item.htm?id=568689517505&ns=1&abbucket=4,128.00,2842人付款,新思特旗舰店,https://store.taobao.com/shop/view_shop.htm?user_number_id=3031904512,浙江 金华
Meyer美亚Skyline系列不粘锅煎锅家用煎饼煎蛋牛排锅具燃气灶专用,https://detail.tmall.com/item.htm?id=603971054777&ns=1&abbucket=4,128.00,20人付款,meyer美亚家居旗舰店,https://store.taobao.com/shop/view_shop.htm?user_number_id=2619103515,广东 肇庆
【三合一】日本进口杉山金属不粘锅早餐锅煎锅煎蛋青蛙锅平底锅,https://item.taobao.com/item.htm?id=537404344965&ns=1&abbucket=4#detail,178.00,42人付款,五页书,https://store.taobao.com/shop/view_shop.htm?user_number_id=2650593406,浙江 杭州
美菱早餐锅荷包蛋煎锅不粘蛋饺锅鸡蛋汉堡煎蛋模具四孔煎蛋神器,https://item.taobao.com/item.htm?id=609348851590&ns=1&abbucket=4#detail,99.00,31人付款,禾禾木烤涮用具,https://store.taobao.com/shop/view_shop.htm?user_number_id=3477034625,广东 佛山
韩国进口三孔煎蛋锅平底不粘锅煎蛋神器多孔早餐锅家用荷包蛋煎锅,https://item.taobao.com/item.htm?id=613300101263&ns=1&abbucket=4#detail,148.00,3人付款,sunsmile_e,https://store.taobao.com/shop/view_shop.htm?user_number_id=86905612,山东 青岛
饭团汉堡DIY模具三明治煎蛋模具创意厨房小工具手动汉堡肉饼压,https://detail.tmall.com/item.htm?id=576919287047&ns=1&abbucket=4,18.90,222人付款,kobber卡柏旗舰店,https://store.taobao.com/shop/view_shop.htm?user_number_id=1882690492,浙江 金华
爱乐仕平底304不锈钢不粘煎锅家用炒菜煎饼煎蛋牛排电磁炉燃气灶,https://detail.tmall.com/item.htm?id=590072789931&ns=1&abbucket=4,149.00,45人付款,ales旗舰店,https://store.taobao.com/shop/view_shop.htm?user_number_id=2200758473972,浙江 杭州
爱仕达平底锅煎锅煎牛排煎蛋麦饭石色家用煎炒电磁炉燃气灶不粘锅,https://detail.tmall.com/item.htm?id=574912361766&ns=1&abbucket=4,79.00,104人付款,爱仕达汭源专卖店,https://store.taobao.com/shop/view_shop.htm?user_number_id=3070773260,浙江 湖州
蛋饺锅煎鸡蛋锅不粘平底锅家用迷你荷包蛋汉堡锅模具早餐煎蛋神器,https://detail.tmall.com/item.htm?id=618217441487&ns=1&abbucket=4,29.00,464人付款,tangguifei旗舰店,https://store.taobao.com/shop/view_shop.htm?user_number_id=2168422189,浙江 金华
小型便携蛋卷机家用蛋包肠机全自动多功能鸡蛋杯早餐蒸蛋煎蛋神器,https://item.taobao.com/item.htm?id=613966568259&ns=1&abbucket=4#detail,69.90,251人付款,binnyiii,https://store.taobao.com/shop/view_shop.htm?user_number_id=2607321597,广东 广州
韩国进口陶瓷不粘锅平底锅煎锅煎饼锅燃气灶电磁炉煎蛋不沾家用小,https://detail.tmall.com/item.htm?id=546677232966&ns=1&abbucket=4,229.00,20人付款,cheftopf旗舰店,https://store.taobao.com/shop/view_shop.htm?user_number_id=3122770790,浙江 金华
。七孔煎蛋锅多孔不粘商用神器电煎蛋专用锅器插电小型煎蛋器圆形,https://item.taobao.com/item.htm?id=617787400762&ns=1&abbucket=4#detail,224.03,5人付款,沃城企业,https://store.taobao.com/shop/view_shop.htm?user_number_id=2206368267548,广东 广州
煎蛋器模型磨具荷包蛋早餐圆形爱心型煎蛋神器煎鸡蛋创意便当模具,https://detail.tmall.com/item.htm?id=40393442680&ns=1&abbucket=4,4.97,4913人付款,ggj旗舰店,https://store.taobao.com/shop/view_shop.htm?user_number_id=2090041413,广东 广州
煎鸡蛋汉堡机不粘小平底家用煎锅早餐蛋饺煎饼锅模具多孔煎蛋神器,https://detail.tmall.com/item.htm?id=606097086925&ns=1&abbucket=4,69.00,240人付款,尼维登旗舰店,https://store.taobao.com/shop/view_shop.htm?user_number_id=3055449426,浙江 金华
小熊可预约定时煮蛋器家用蒸蛋器自动断电蛋羹煎蛋双层不锈钢智能,https://detail.tmall.com/item.htm?id=567759363048&ns=1&abbucket=4,199.00,42人付款,佳盼电器专营店,https://store.taobao.com/shop/view_shop.htm?user_number_id=740969168,广东 佛山
